# Connect 4 opening book: depth 6, 11094 positions, one line "<moves> <score>" per position.
# Exact strong scores for the side to move (Pascal Pons' convention: 22 - the winner's disc number, 0 = draw).
# Generated 2026-09-27 by Connect4.Tools 1.0 in 37:04.
 1
1 2
2 1
3 0
4 -1
11 1
12 -2
13 -1
14 -2
15 1
16 -1
17 2
21 2
22 0
23 -1
24 0
25 2
26 2
27 3
31 2
32 2
33 0
34 0
35 0
36 0
37 3
41 4
42 2
43 2
44 1
111 2
112 0
113 0
114 -1
115 1
116 -1
117 1
121 2
122 2
123 3
124 2
125 2
126 2
127 2
131 3
132 3
133 1
134 3
135 3
136 2
137 4
141 5
142 5
143 5
144 2
145 5
146 4
147 4
151 5
152 4
153 1
154 -1
155 2
156 2
161 3
162 3
163 2
164 2
165 2
166 1
171 2
172 1
173 1
174 -2
175 2
176 1
177 2
211 0
212 -2
213 0
214 2
215 -2
216 2
221 3
222 2
223 2
224 1
225 0
226 1
227 2
232 1
233 1
234 3
235 2
236 2
242 0
243 4
244 0
245 3
246 5
252 2
253 1
254 -2
255 1
262 -2
263 0
264 -2
265 -2
266 0
272 -3
273 0
274 -3
275 0
277 1
311 0
313 0
314 -2
315 0
322 0
323 1
324 2
325 0
331 4
332 0
333 1
334 0
335 3
336 2
337 3
343 0
344 0
345 3
353 0
354 2
355 0
363 0
364 0
366 0
373 -3
374 -3
377 1
411 0
414 -4
422 -2
424 0
433 0
434 0
441 3
442 3
443 2
444 -1
1111 1
1112 -1
1113 -1
1114 -2
1115 2
1116 1
1117 2
1121 3
1122 0
1123 0
1124 0
1125 3
1126 3
1127 3
1131 3
1132 0
1133 0
1134 0
1135 2
1136 2
1137 4
1141 4
1142 3
1143 1
1144 1
1145 4
1146 4
1147 4
1151 3
1152 2
1153 2
1154 -1
1155 -1
1156 1
1157 2
1161 3
1162 2
1163 1
1164 2
1165 2
1166 1
1167 2
1171 2
1172 -1
1173 0
1174 0
1175 2
1176 0
1177 1
1211 -2
1212 -1
1213 0
1214 -2
1215 -1
1216 0
1217 0
1221 2
1222 -2
1223 3
1224 4
1225 2
1226 2
1227 3
1232 -1
1233 -3
1234 -1
1235 -1
1236 -2
1237 0
1242 -1
1243 3
1244 -2
1245 2
1246 4
1247 3
1252 0
1253 3
1254 0
1255 0
1256 -2
1257 0
1262 0
1263 0
1264 2
1265 -2
1266 0
1267 0
1272 -2
1273 0
1274 -1
1275 -2
1276 -2
1311 0
1313 -2
1314 -3
1315 -3
1316 0
1317 2
1322 -1
1323 -3
1324 -1
1325 0
1326 -2
1327 1
1331 3
1332 3
1333 -1
1334 0
1335 1
1336 2
1337 2
1343 -2
1344 -3
1345 1
1346 0
1347 2
1353 -3
1354 0
1355 -2
1356 1
1357 2
1363 -2
1364 1
1365 2
1366 -2
1367 -1
1373 -4
1374 -4
1375 -4
1411 -2
1414 -5
1415 -5
1416 -3
1417 -2
1422 -3
1424 -5
1425 -4
1426 -3
1427 0
1433 -4
1434 -5
1435 0
1436 0
1437 -1
1441 3
1442 4
1443 1
1444 -2
1445 0
1446 -2
1447 3
1454 -5
1455 -2
1456 -2
1457 0
1464 -4
1465 0
1466 -2
1467 2
1474 -3
1511 2
1515 -4
1516 0
1517 2
1522 2
1525 2
1526 2
1527 4
1533 0
1535 0
1536 2
1537 2
1544 2
1545 2
1546 3
1547 4
1551 4
1552 2
1553 2
1554 -2
1555 -2
1556 2
1557 3
1565 -2
1566 -2
1567 1
1611 1
1616 -3
1617 2
1622 -2
1626 -2
1627 3
1633 -2
1636 -1
1637 3
1644 -2
1646 2
1647 3
1655 -2
1656 -2
1657 2
1661 3
1662 2
1663 2
1664 0
1665 3
1666 -1
1667 3
1711 2
1717 2
1722 -1
1727 3
1733 0
1737 4
1744 2
1747 4
1755 -2
1757 2
1766 0
1767 1
1771 0
1772 -1
1773 0
1774 -2
1775 2
1776 2
1777 2
2111 0
2112 0
2113 0
2114 1
2115 0
2116 2
2117 2
2121 3
2122 2
2123 3
2124 2
2125 3
2126 3
2127 4
2131 0
2132 0
2133 0
2134 2
2135 0
2136 2
2137 2
2141 4
2142 3
2143 2
2144 -2
2145 3
2146 4
2147 4
2151 4
2152 2
2153 3
2154 2
2155 2
2156 3
2157 4
2161 2
2162 0
2163 1
2164 2
2165 -2
2166 0
2167 0
2212 -2
2221 0
2222 -1
2223 -2
2224 0
2225 -1
2226 4
2227 3
2232 18
2233 18
2234 -2
2235 -1
2236 18
2237 18
2242 18
2243 -1
2244 18
2245 2
2246 18
2247 18
2252 1
2253 0
2254 0
2255 0
2256 2
2257 0
2262 0
2263 -1
2264 0
2265 -1
2266 -1
2272 -1
2322 -1
2323 2
2324 2
2325 4
2326 2
2327 3
2331 4
2332 3
2333 -1
2334 3
2335 4
2336 4
2337 4
2343 0
2344 -3
2345 4
2346 2
2347 3
2353 -2
2354 3
2355 -1
2356 4
2357 2
2363 -2
2364 3
2365 2
2422 0
2424 2
2425 3
2426 3
2427 4
2433 0
2434 -4
2435 0
2436 0
2437 0
2441 4
2442 4
2443 5
2444 0
2445 3
2446 2
2447 4
2454 -3
2455 0
2456 3
2457 2
2464 -5
2522 -2
2525 2
2526 3
2527 3
2533 0
2535 0
2536 2
2537 2
2544 2
2545 2
2546 4
2547 4
2551 3
2552 2
2553 4
2554 -1
2555 -1
2556 2
2557 4
2622 2
2626 4
2627 4
2633 18
2636 18
2637 18
2644 18
2646 18
2647 18
2655 2
2656 2
2657 3
2661 3
2662 3
2663 2
2664 0
2665 3
2666 2
2667 3
2722 3
2727 4
2733 18
2737 18
2744 18
2747 18
2755 0
2757 3
2771 1
2772 -1
2773 0
2774 2
2775 2
2776 3
2777 3
3111 4
3112 2
3113 0
3114 0
3115 0
3116 0
3117 2
3131 4
3132 4
3133 0
3134 3
3135 4
3136 4
3137 4
3141 18
3142 2
3143 18
3144 18
3145 2
3146 2
3147 18
3151 18
3152 4
3153 18
3154 0
3155 18
3156 4
3157 18
3221 4
3222 0
3223 2
3224 2
3225 3
3226 2
3227 3
3232 3
3233 -1
3234 2
3235 4
3236 3
3237 4
3242 -1
3243 0
3244 -2
3245 2
3246 0
3247 3
3252 0
3253 1
3254 0
3255 0
3256 0
3313 -3
3323 18
3331 2
3332 2
3333 0
3334 -1
3335 2
3336 3
3337 4
3343 18
3344 18
3345 0
3346 18
3347 18
3353 18
3354 -3
3355 18
3363 -2
3373 -3
3433 0
3434 3
3435 2
3436 3
3437 3
3441 5
3442 6
3443 5
3444 0
3445 5
3446 5
3447 5
3454 -3
3533 0
3535 3
3536 4
3537 4
3544 -2
3545 0
3546 4
3547 4
3551 4
3552 3
3553 2
3554 2
3555 0
3556 3
3557 4
3633 0
3636 5
3637 4
3644 18
3646 18
3647 18
3661 3
3662 2
3663 0
3664 3
3665 3
3666 4
3667 3
3733 6
3737 11
3744 18
3747 18
3771 2
3772 2
3773 2
3774 -1
3775 0
3776 1
3777 3
4111 4
4112 3
4113 2
4114 1
4115 0
4116 3
4117 2
4141 11
4142 7
4143 5
4144 4
4145 5
4146 6
4147 10
4221 3
4222 5
4223 3
4224 2
4225 3
4226 4
4227 4
4242 7
4243 5
4244 0
4245 5
4246 5
4331 4
4332 5
4333 0
4334 3
4335 4
4336 2
4337 4
4343 5
4344 0
4345 5
4414 -3
4424 18
4434 18
4441 4
4442 4
4443 3
4444 1
11111 2
11112 2
11113 0
11114 -1
11115 2
11116 0
11117 2
11121 3
11122 1
11123 3
11124 1
11125 2
11126 3
11127 3
11131 3
11132 3
11133 1
11134 2
11135 3
11136 3
11137 4
11141 6
11142 5
11143 5
11144 2
11145 6
11146 5
11147 5
11151 5
11152 5
11153 2
11154 -2
11155 3
11156 3
11157 5
11161 4
11162 4
11163 2
11164 -1
11165 2
11166 2
11167 2
11171 2
11172 2
11173 2
11174 -2
11175 2
11176 0
11177 2
11211 0
11212 -2
11213 1
11214 -3
11215 1
11216 1
11217 1
11221 2
11222 0
11223 2
11224 0
11225 2
11226 0
11227 2
11232 1
11233 0
11234 3
11235 3
11236 3
11237 3
11242 1
11243 4
11244 0
11245 4
11246 5
11247 3
11252 -2
11253 0
11254 -3
11255 3
11256 -2
11257 -2
11262 -2
11263 0
11264 -3
11265 -1
11266 2
11267 2
11272 -3
11273 0
11274 -3
11275 0
11276 2
11277 0
11311 0
11313 -3
11314 -2
11315 1
11316 1
11317 2
11322 0
11323 0
11324 0
11325 2
11326 2
11327 3
11331 3
11332 2
11333 0
11334 0
11335 4
11336 2
11337 3
11343 1
11344 0
11345 4
11346 4
11347 6
11353 -1
11354 -1
11355 -2
11356 0
11357 2
11363 0
11364 -2
11365 0
11366 -2
11367 2
11373 -3
11374 -4
11375 0
11376 -2
11377 1
11411 -3
11414 -4
11415 -3
11416 -3
11417 -2
11422 -2
11424 -3
11425 -2
11426 -2
11427 2
11433 0
11434 0
11435 3
11436 -1
11437 0
11441 2
11442 3
11443 0
11444 -1
11445 3
11446 0
11447 2
11454 -2
11455 -4
11456 0
11457 -2
11464 -4
11465 2
11466 -3
11467 0
11474 -4
11475 -2
11476 -1
11477 0
11511 1
11515 2
11516 0
11517 2
11522 -2
11525 1
11526 0
11527 2
11533 0
11535 -2
11536 0
11537 2
11544 1
11545 2
11546 4
11547 5
11551 4
11552 2
11553 4
11554 1
11555 2
11556 2
11557 3
11565 2
11566 -1
11567 3
11575 -2
11576 1
11577 2
11611 -2
11616 0
11617 1
11622 -1
11626 -2
11627 3
11633 0
11636 2
11637 1
11644 0
11646 -2
11647 5
11655 1
11656 2
11657 3
11661 2
11662 1
11663 0
11664 -1
11665 2
11666 0
11667 3
11676 -2
11677 0
11711 0
11717 2
11722 1
11727 3
11733 0
11737 4
11744 0
11747 4
11755 0
11757 4
11766 2
11767 2
11771 1
11772 0
11773 0
11774 -1
12111 3
12112 2
12113 2
12114 2
12115 2
12116 2
12117 2
12121 1
12122 1
12123 3
12124 1
12125 3
12126 4
12127 4
12131 0
12132 1
12133 0
12134 0
12135 0
12136 3
12137 3
12141 3
12142 3
12143 2
12144 2
12145 3
12146 5
12147 3
12151 1
12152 3
12153 3
12154 1
12155 1
12156 3
12157 3
12161 0
12162 3
12163 3
12164 0
12165 3
12166 2
12167 2
12171 0
12172 1
12173 0
12174 0
12175 2
12176 2
12177 2
12212 -2
12221 3
12222 2
12223 3
12224 2
12225 2
12226 3
12227 3
12232 -3
12233 2
12234 -3
12235 1
12236 1
12237 1
12242 -2
12243 3
12244 -4
12245 1
12246 3
12247 1
12252 0
12253 3
12254 -2
12255 2
12256 3
12257 3
12262 1
12263 3
12264 -2
12265 2
12266 -2
12267 2
12272 -2
12273 1
12274 -3
12275 1
12276 2
12277 1
12322 3
12323 1
12324 3
12325 3
12326 3
12327 3
12331 5
12332 3
12333 3
12334 3
12335 3
12336 4
12337 4
12343 1
12344 2
12345 3
12346 4
12347 3
12353 2
12354 2
12355 1
12356 3
12357 3
12363 2
12364 3
12365 3
12366 3
12367 3
12373 0
12374 0
12375 1
12376 0
12377 2
12422 3
12424 2
12425 2
12426 2
12427 2
12433 -2
12434 2
12435 1
12436 0
12437 0
12441 5
12442 3
12443 3
12444 2
12445 3
12446 3
12447 4
12454 1
12455 2
12456 3
12457 2
12464 -4
12465 3
12466 -2
12467 2
12474 -2
12475 0
12476 2
12477 1
12522 1
12525 1
12526 0
12527 3
12533 -2
12535 -3
12536 0
12537 0
12544 0
12545 2
12546 4
12547 3
12551 3
12552 2
12553 3
12554 2
12555 0
12556 0
12557 4
12565 2
12566 2
12575 0
12576 0
12577 2
12622 3
12626 3
12627 4
12633 0
12636 1
12637 3
12644 -2
12646 3
12647 5
12655 2
12656 3
12657 3
12661 2
12662 2
12663 2
12664 1
12665 0
12666 2
12667 3
12676 0
12677 2
12722 3
12727 4
12733 0
12737 3
12744 2
12747 4
12755 2
12757 3
13111 3
13112 3
13113 0
13114 2
13115 3
13116 2
13117 3
13131 2
13132 4
13133 2
13134 3
13135 4
13136 5
13137 7
13141 3
13142 5
13143 18
13144 18
13145 3
13146 4
13147 18
13151 4
13152 3
13153 18
13154 4
13155 18
13156 4
13157 18
13161 2
13162 3
13163 0
13164 3
13165 2
13166 0
13171 0
13172 0
13173 0
13174 -2
13175 0
13176 2
13177 3
13221 3
13222 3
13223 1
13224 4
13225 3
13226 3
13227 4
13232 3
13233 3
13234 4
13235 3
13236 3
13237 4
13242 2
13243 3
13244 1
13245 2
13246 5
13247 5
13252 2
13253 2
13254 0
13255 2
13256 2
13257 4
13262 3
13263 2
13264 3
13265 3
13266 3
13272 3
13273 -1
13274 3
13275 3
13276 3
13277 3
13313 -3
13323 -3
13331 3
13332 3
13333 1
13334 3
13335 2
13336 2
13337 3
13343 18
13344 18
13345 0
13346 1
13347 18
13353 18
13354 -1
13355 18
13356 0
13357 18
13363 -2
13364 0
13365 -1
13366 -2
13373 -2
13374 1
13375 -1
13376 1
13377 0
13433 3
13434 2
13435 5
13436 3
13437 4
13441 5
13442 5
13443 4
13444 3
13445 5
13446 5
13447 4
13454 0
13455 0
13456 0
13457 4
13464 2
13465 3
13466 0
13474 1
13475 3
13476 2
13477 4
13533 3
13535 3
13536 4
13537 4
13544 0
13545 0
13546 3
13547 4
13551 4
13552 3
13553 2
13554 4
13555 3
13556 4
13557 3
13565 2
13566 3
13575 -2
13576 3
13577 3
13633 2
13636 3
13637 5
13644 -1
13646 0
13647 5
13655 -2
13656 2
13661 3
13662 3
13663 2
13664 3
13665 3
13666 3
13667 2
13676 2
13677 3
13733 5
13737 7
13744 18
13747 18
14111 5
14112 4
14113 4
14114 2
14115 5
14116 4
14117 4
14141 5
14142 6
14143 5
14144 6
14145 6
14146 6
14147 11
14151 6
14152 18
14153 5
14154 18
14155 18
14156 6
14161 5
14162 18
14163 4
14164 18
14165 3
14166 18
14171 3
14172 5
14173 4
14174 2
14175 4
14176 3
14177 5
14221 5
14222 5
14223 5
14224 3
14225 6
14226 5
14227 5
14242 6
14243 5
14244 5
14245 6
14246 5
14247 6
14252 18
14253 4
14254 18
14255 18
14256 5
14262 18
14263 5
14264 18
14265 3
14266 18
14272 0
14273 5
14274 2
14275 4
14276 5
14277 4
14331 5
14332 5
14333 4
14334 5
14335 6
14336 5
14337 6
14343 5
14344 5
14345 6
14346 5
14347 6
14353 0
14354 2
14355 2
14356 2
14363 2
14364 2
14365 3
14366 0
14373 1
14374 2
14375 3
14376 3
14377 6
14414 -3
14424 -4
14434 18
14441 4
14442 4
14443 5
14444 2
14445 4
14446 4
14447 4
14454 18
14455 18
14456 0
14464 18
14465 2
14466 18
14474 -3
14475 1
14476 0
14477 2
14544 6
14545 5
14546 6
14551 6
14552 6
14553 6
14554 2
14555 6
14556 6
14565 2
14566 2
14575 0
14576 5
14577 3
14644 4
14646 5
14655 3
14656 2
14661 4
14662 5
14663 5
14664 2
14665 6
14666 5
14676 -2
14677 3
14744 3
15111 5
15112 4
15113 2
15114 -2
15115 2
15116 2
15117 2
15151 4
15152 7
15153 5
15154 4
15155 5
15156 4
15161 0
15162 18
15163 2
15164 0
15165 18
15166 18
15171 -2
15172 5
15173 3
15174 -2
15175 0
15176 2
15177 5
15221 4
15222 4
15223 2
15224 -2
15225 3
15226 1
15252 7
15253 4
15254 -2
15255 4
15256 2
15262 18
15263 3
15264 -2
15265 18
15266 18
15272 0
15273 2
15274 -4
15275 2
15276 -1
15277 4
15331 4
15332 1
15333 2
15334 0
15335 0
15336 3
15353 1
15354 2
15355 0
15356 3
15363 -2
15364 -2
15365 0
15366 -1
15373 -2
15374 -2
15375 1
15376 0
15377 2
15441 5
15442 -1
15443 2
15444 -2
15445 2
15446 5
15454 0
15455 -2
15456 5
15464 0
15465 -2
15466 -3
15474 -3
15475 -3
15476 2
15477 -2
15515 -3
15525 -2
15535 18
15545 18
15551 4
15552 4
15553 2
15554 2
15555 3
15556 4
15565 18
15566 18
15575 -3
15576 2
15577 3
15655 2
15656 3
15661 3
15662 2
15663 2
15664 4
15665 2
15666 3
15676 0
15677 2
16111 3
16112 4
16113 2
16114 -1
16115 2
16116 3
16117 3
16161 3
16162 5
16163 3
16164 3
16165 4
16166 3
16171 0
16172 3
16173 3
16174 -2
16175 2
16176 3
16177 3
16221 5
16222 4
16223 2
16224 2
16225 2
16226 4
16262 5
16263 2
16264 2
16265 2
16266 3
16272 -2
16273 2
16274 -3
16275 -2
16276 2
16277 3
16331 4
16332 2
16333 2
16334 2
16335 4
16336 3
16363 2
16364 1
16365 3
16366 2
16373 1
16374 -3
16375 1
16376 -1
16377 3
16441 3
16442 3
16443 3
16444 2
16445 5
16446 3
16464 -2
16465 4
16466 3
16474 -3
16475 2
16476 -3
16477 -2
16551 3
16552 3
16553 3
16554 4
16555 2
16556 3
16565 3
16566 3
16575 1
16576 -1
16577 2
16616 -2
16626 0
16636 0
16646 18
16656 18
16661 4
16662 4
16663 1
16664 2
16665 2
16666 3
16676 -2
16677 2
17111 2
17112 2
17113 2
17114 -2
17115 0
17116 0
17117 2
17171 -2
17172 0
17173 2
17174 -2
17175 2
17176 0
17177 2
17221 2
17222 1
17223 3
17224 1
17225 2
17226 2
17227 3
17272 -3
17273 1
17274 -3
17275 0
17276 2
17277 2
17331 4
17332 2
17333 0
17334 0
17335 2
17336 2
17337 3
17373 -3
17374 -4
17375 0
17376 -1
17377 2
17441 2
17442 3
17443 0
17444 -2
17445 3
17446 2
17447 4
17474 0
17475 -2
17476 0
17477 -1
17551 2
17552 2
17553 2
17554 2
17555 2
17556 3
17557 3
17575 -2
17576 0
17577 2
17661 2
17662 2
17663 0
17664 1
17665 3
17666 1
17667 1
17676 -1
17677 1
17717 2
17727 3
17737 3
17747 4
17757 4
17767 2
17771 2
17772 1
17773 2
17774 -2
17775 2
17776 0
17777 2
21111 0
21112 2
21113 0
21114 0
21115 0
21116 2
21121 2
21122 1
21123 1
21124 1
21125 0
21126 2
21131 0
21132 0
21133 2
21134 0
21135 0
21136 1
21141 4
21142 -1
21143 4
21144 -1
21145 1
21146 4
21151 3
21152 3
21153 3
21154 3
21155 0
21156 3
21161 3
21162 -1
21163 1
21164 1
21165 -2
21166 0
21171 0
21172 -1
21173 0
21174 -2
21175 -2
21176 2
21177 2
21211 -1
21212 -3
21213 0
21214 -3
21215 -2
21216 -1
21221 3
21222 -1
21223 2
21224 2
21225 -2
21226 2
21227 2
21232 -3
21233 -3
21234 -2
21235 -2
21236 0
21242 -2
21243 -2
21244 -2
21245 -2
21246 3
21252 -3
21253 0
21254 -3
21255 0
21256 2
21262 -3
21263 -2
21264 -3
21265 -3
21266 -2
21272 -3
21273 -2
21274 -4
21275 -3
21276 0
21277 -1
21311 0
21313 0
21314 0
21315 0
21316 0
21322 2
21323 2
21324 1
21325 0
21326 2
21331 3
21332 3
21333 0
21334 0
21335 0
21336 2
21343 2
21344 0
21345 3
21346 4
21353 2
21354 2
21355 1
21356 3
21363 0
21364 -2
21365 -2
21366 0
21373 0
21374 -2
21375 -2
21376 0
21377 0
21411 -1
21414 -4
21415 -4
21416 0
21422 2
21424 -3
21425 -2
21426 0
21433 0
21434 -2
21435 2
21436 2
21441 5
21442 3
21443 2
21444 2
21445 2
21446 3
21454 0
21455 0
21456 3
21464 -4
21465 -1
21466 -3
21474 -2
21475 -3
21476 3
21477 0
21511 0
21515 -3
21516 0
21522 0
21525 0
21526 0
21533 -3
21535 -3
21536 -1
21544 0
21545 0
21546 4
21551 0
21552 -2
21553 2
21554 -2
21555 -2
21556 0
21565 -1
21566 -3
21575 -4
21577 0
21611 2
21616 -2
21622 1
21626 2
21633 0
21636 0
21644 -2
21646 -2
21655 2
21656 2
21661 2
21662 2
21663 1
21664 0
21665 0
21666 2
22121 4
22122 3
22123 4
22124 2
22125 3
22126 3
22127 4
22212 0
22221 2
22222 2
22223 2
22224 1
22225 1
22226 2
22227 2
22232 3
22233 2
22234 3
22235 3
22236 3
22242 6
22243 5
22244 0
22245 5
22246 5
22252 3
22253 2
22254 1
22255 2
22256 2
22262 3
22263 0
22264 -4
22265 -2
22266 3
22272 -1
22273 1
22274 -3
22275 0
22277 2
22322 0
22323 3
22324 -18
22325 4
22326 3
22327 4
22331 3
22332 0
22333 1
22334 -18
22335 4
22336 2
22337 3
22343 4
22344 2
22345 4
22346 5
22353 2
22354 1
22355 2
22356 2
22363 -2
22364 -18
22365 2
22366 2
22373 -3
22374 -18
22375 0
22377 2
22422 -2
22424 -2
22425 1
22426 0
22427 1
22433 2
22434 1
22435 4
22436 4
22441 4
22442 3
22443 -18
22444 -3
22445 4
22446 4
22447 4
22454 1
22455 0
22456 3
22464 -4
22465 1
22466 -3
22474 -5
22475 0
22477 1
22522 -1
22525 2
22526 3
22527 3
22533 1
22535 0
22536 1
22544 0
22545 2
22546 5
22551 3
22552 2
22553 3
22554 0
22555 1
22556 2
22557 2
22565 0
22566 2
22575 0
22577 2
22622 2
22626 2
22627 3
22633 2
22636 3
22644 0
22646 4
22655 2
22656 2
22661 3
22662 2
22663 2
22664 1
22722 2
22727 4
23221 3
23222 1
23223 1
23224 2
23225 2
23226 2
23227 2
23232 -2
23233 1
23234 3
23235 3
23236 3
23242 -2
23243 2
23244 -2
23245 -2
23246 0
23252 -2
23253 -1
23254 -3
23255 -4
23256 2
23262 -2
23263 1
23264 -2
23265 0
23266 -2
23272 -2
23273 2
23274 -3
23275 0
23277 0
23313 -4
23323 -3
23332 3
23333 1
23334 2
23335 2
23336 2
23343 -3
23344 0
23345 -1
23346 2
23353 -4
23354 -4
23355 -4
23356 -2
23363 -4
23364 2
23365 0
23366 1
23373 -4
23374 0
23375 -2
23377 0
23433 2
23434 0
23435 4
23436 5
23442 3
23443 5
23444 3
23445 5
23446 5
23454 -1
23455 -3
23456 2
23464 0
23465 2
23466 0
23474 -1
23475 0
23477 3
23533 2
23535 3
23536 3
23544 -3
23545 -2
23546 2
23552 2
23553 1
23554 3
23555 3
23556 3
23565 -4
23566 1
23575 2
23577 3
23633 2
23636 3
23644 -3
23646 -3
24221 5
24222 3
24223 4
24224 0
24225 5
24226 5
24227 4
24242 -2
24243 5
24244 -2
24245 5
24246 5
24252 -2
24253 0
24254 18
24255 18
24262 -3
24263 3
24264 18
24265 -3
24266 18
24272 -4
24273 2
24274 -4
24275 0
24277 -2
24332 4
24333 5
24334 0
24335 5
24336 6
24343 6
24344 4
24345 5
24346 6
24353 2
24354 0
24355 2
24363 2
24364 0
24365 2
24366 2
24373 3
24374 0
24375 2
24377 5
24414 -4
24424 -4
24434 -5
24442 4
24443 4
24444 0
24445 4
24446 4
24454 18
24455 18
24464 18
24465 -1
24466 18
24474 -4
24475 0
24477 -1
24544 3
24545 5
24552 2
24553 5
24554 0
24555 5
24565 2
24566 0
24575 -2
24577 4
24644 5
25221 4
25222 3
25223 2
25224 3
25225 3
25226 3
25227 3
25252 -2
25253 2
25254 -2
25255 -2
25262 -3
25263 -2
25264 -3
25265 18
25266 18
25272 -3
25273 -2
25274 -3
25275 1
25277 -1
25332 2
25333 0
25334 0
25335 1
25353 2
25354 2
25355 0
25363 -1
25364 -2
25365 -1
25366 0
25373 0
25374 -2
25375 -1
25377 2
25442 3
25443 2
25444 -2
25445 1
25454 1
25455 -2
25464 -4
25465 -2
25466 -3
25474 -4
25475 -4
25477 -2
25515 -3
25525 -2
25535 -4
25545 18
25552 2
25553 2
25554 1
25555 1
25565 18
25566 18
25575 -4
25577 2
26221 3
26222 2
26223 0
26224 -2
26225 0
26226 2
26227 2
26262 -2
26263 -4
26264 -4
26265 -2
26266 3
26272 -3
26273 2
26274 -4
26275 -2
26276 -2
26277 -2
26332 -2
26333 -2
26334 -18
26335 2
26336 2
26363 -2
26364 -18
26365 0
26366 -2
26373 0
26374 -18
26375 -2
26376 -2
26377 0
26442 -2
26443 -18
26444 -3
26445 2
26446 0
26464 -5
26465 2
26466 -1
26474 -5
26475 -2
26476 -3
26477 -3
26552 0
26553 2
26554 2
26555 -2
26556 2
26565 2
26566 0
26575 -3
26576 -2
26577 -2
26616 -2
26626 3
26636 3
26646 18
26656 18
26662 2
26663 -2
26664 -2
26665 1
26666 3
26676 -2
26677 -2
27221 3
27222 0
27223 -2
27224 -3
27225 0
27226 2
27227 0
27272 -3
27273 -3
27274 -4
27275 0
27277 -2
27332 -2
27333 -2
27334 -18
27335 -1
27337 2
27373 -6
27374 -18
27375 0
27377 2
27442 -3
27443 -18
27444 -3
27445 -1
27447 3
27474 -4
27475 -3
27477 -3
27552 0
27553 2
27554 0
27555 0
27557 3
27575 -3
27577 0
27717 0
27727 2
27737 3
27747 3
27757 3
27767 2
27772 -2
27773 0
27774 -3
27775 0
27777 1
31111 2
31113 -3
31114 -4
31115 0
31121 0
31122 -1
31123 0
31124 0
31125 0
31131 2
31133 1
31134 0
31135 2
31141 4
31143 0
31144 2
31145 4
31151 1
31153 0
31154 2
31155 0
31161 2
31163 0
31164 1
31165 1
31166 0
31171 0
31173 0
31174 -2
31175 0
31177 2
31311 -3
31313 -4
31314 -4
31315 -4
31322 -4
31323 -4
31324 -1
31325 -4
31331 0
31332 2
31333 0
31334 0
31335 0
31336 2
31337 2
31343 -3
31344 0
31345 0
31353 -4
31354 0
31355 -2
31363 -4
31364 -2
31365 -4
31366 -3
31373 -4
31374 -4
31375 -4
31377 0
31411 -3
31414 -9
31415 -18
31422 -2
31424 0
31425 0
31433 -2
31434 -5
31435 -18
31441 2
31443 -2
31444 -3
31445 -18
31454 0
31455 -2
31464 -2
31465 0
31466 -2
31474 -10
31475 -18
31477 -2
31511 0
31515 -4
31522 -2
31525 -3
31533 -2
31535 -3
31544 0
31545 0
31551 0
31553 -3
31554 -18
31555 -2
31565 -4
31566 0
32212 -3
32222 0
32223 1
32224 2
32225 0
32232 2
32233 -2
32234 0
32235 1
32242 -2
32243 1
32244 2
32245 0
32252 0
32253 -3
32254 1
32255 -3
32262 1
32263 3
32264 2
32265 2
32266 -2
32272 -2
32273 0
32274 -2
32277 0
32322 0
32323 -3
32324 1
32325 2
32331 3
32332 3
32333 1
32334 2
32335 2
32336 2
32337 3
32343 -2
32344 -2
32345 2
32353 -4
32354 2
32355 -3
32363 -3
32364 2
32365 0
32366 0
32373 -4
32374 -3
32377 0
32422 2
32424 2
32425 2
32433 0
32434 3
32435 2
32442 2
32443 3
32444 2
32445 3
32454 2
32455 -2
32464 2
32465 3
32466 0
32474 0
32477 1
32522 0
32525 0
32533 -1
32535 0
32544 2
32545 0
32552 2
32553 2
32554 2
32555 0
33131 6
33132 5
33133 5
33134 3
33135 5
33136 5
33137 5
33232 4
33233 0
33234 -18
33235 5
33236 2
33237 3
33313 -2
33323 -2
33331 3
33332 3
33333 3
33334 0
33335 1
33336 2
33337 3
33343 6
33344 1
33345 3
33353 -1
33354 0
33355 -2
33363 -2
33364 -3
33366 0
33373 -3
33374 -4
33377 1
33433 -2
33434 3
33435 -18
33436 2
33437 4
33441 3
33442 -18
33443 -2
33444 -2
33445 -18
33446 3
33447 4
33454 0
33455 0
33464 -4
33466 0
33474 -4
33477 -2
33533 1
33535 4
33536 4
33537 4
33544 5
33545 3
33551 5
33552 5
33553 2
33554 -18
33633 5
33636 4
33637 3
33733 3
33737 4
34331 5
34332 4
34333 3
34334 0
34335 3
34336 4
34337 4
34343 -3
34344 3
34345 5
34353 -2
34354 2
34355 -1
34363 -3
34364 2
34366 -1
34373 -3
34374 2
34377 2
34414 -5
34424 -6
34434 -5
34443 4
34444 0
34445 6
34454 -5
34455 0
34464 -5
34466 2
34474 -5
34477 2
34544 3
35331 2
35332 2
35333 3
35334 4
35335 0
35336 3
35337 3
35353 -3
35354 4
35355 -2
35363 -4
35364 -4
35365 -3
35366 -3
35373 -4
35374 -4
35375 -3
35377 1
35443 4
35444 3
35445 2
35454 0
35455 5
35464 0
35465 -2
35466 -2
35474 0
35475 -4
35477 2
35515 -4
35525 -2
35535 -2
35545 -2
35553 0
35554 2
35555 0
35565 -3
35566 0
35575 -4
35577 2
36331 3
36332 2
36333 1
36334 2
36335 0
36336 3
36337 4
36363 -5
36364 -5
36366 -1
36373 -3
36374 -4
36376 0
36377 0
36443 -2
36444 -3
36446 0
36464 -7
36466 -3
36474 -7
36476 -3
36477 0
36616 -2
36626 0
36636 0
36646 -3
36656 -2
36663 2
36664 -4
36666 -1
36676 -3
36677 -1
37331 1
37332 3
37333 0
37334 -6
37335 0
37336 0
37337 2
37373 -11
37374 -11
37377 -2
37443 -3
37444 -4
37447 2
37474 -11
37477 -4
37717 0
37727 2
37737 3
37747 5
37757 3
37767 0
37773 1
37774 -3
37777 2
41111 0
41114 -4
41121 -2
41122 -2
41124 0
41131 -2
41133 0
41134 0
41141 2
41144 -1
41151 2
41154 1
41155 0
41161 0
41164 0
41166 -3
41171 -2
41174 0
41177 0
41411 -4
41414 -11
41422 0
41424 -7
41433 0
41434 -5
41441 4
41442 4
41443 0
41444 -4
41445 0
41446 -1
41447 4
41454 -5
41455 1
41464 -6
41466 -4
41474 -10
42212 -3
42222 -1
42224 -5
42232 -3
42233 0
42234 2
42242 -2
42244 -2
42252 -2
42254 -3
42255 -1
42262 -2
42264 -4
42266 -2
42272 -3
42422 -5
42424 -7
42433 -4
42434 -5
42441 4
42442 4
42443 5
42444 0
42445 2
42446 0
42447 4
42454 -5
42455 2
42464 -5
43313 -4
43323 -5
43333 0
43334 0
43343 1
43344 -3
43353 -4
43354 0
43355 -4
43363 0
43373 -4
43433 0
43434 -5
43441 4
43442 4
43443 4
43444 0
43445 4
43446 4
43447 4
43454 -5
44141 6
44142 5
44143 3
44144 5
44145 5
44146 5
44147 5
44242 6
44243 -18
44244 3
44245 5
44246 5
44343 5
44344 2
44345 -18
44414 -3
44424 -4
44434 -3
44441 2
44442 2
44443 2
44444 -1
111111 1
111112 -2
111113 -2
111114 -2
111115 -2
111116 -1
111117 0
111121 3
111122 0
111123 -1
111124 -2
111125 3
111126 2
111127 3
111131 3
111132 0
111133 0
111134 0
111135 2
111136 2
111137 4
111141 4
111142 3
111143 1
111144 1
111145 3
111146 2
111147 4
111151 2
111152 2
111153 2
111154 -2
111155 0
111156 0
111157 2
111161 4
111162 2
111163 1
111164 0
111165 1
111166 1
111167 2
111171 3
111172 1
111173 0
111174 -2
111175 2
111176 -2
111177 1
111211 -1
111212 -3
111213 0
111214 -2
111215 -3
111216 0
111217 0
111221 3
111222 -1
111223 3
111224 2
111225 2
111226 2
111227 2
111232 0
111233 -3
111234 0
111235 1
111236 -2
111237 2
111242 0
111243 3
111244 -1
111245 2
111246 4
111247 3
111252 -2
111253 2
111254 -2
111255 -2
111256 -2
111257 -1
111262 -2
111263 2
111264 0
111265 -3
111266 0
111267 1
111272 -3
111273 0
111274 -2
111275 -2
111276 -1
111277 -1
111311 -2
111313 -3
111314 -3
111315 -2
111316 0
111317 0
111322 0
111323 -3
111324 0
111325 2
111326 0
111327 0
111331 3
111332 3
111333 -1
111334 -1
111335 3
111336 2
111337 4
111343 -2
111344 -2
111345 3
111346 1
111347 4
111353 -3
111354 1
111355 0
111356 2
111357 2
111363 -3
111364 0
111365 2
111366 -1
111367 0
111373 -3
111374 -4
111375 -4
111376 -2
111377 1
111411 -2
111414 -6
111415 -5
111416 -4
111417 -2
111422 -2
111424 -5
111425 -5
111426 -4
111427 -2
111433 -2
111434 -5
111435 -2
111436 -2
111437 -2
111441 3
111442 4
111443 0
111444 -2
111445 0
111446 -2
111447 2
111454 -6
111455 -4
111456 0
111457 -2
111464 -5
111465 0
111466 -2
111467 0
111474 -5
111475 -5
111476 -2
111477 0
111511 2
111515 2
111516 3
111517 3
111522 2
111525 2
111526 3
111527 4
111533 -1
111535 2
111536 3
111537 3
111544 3
111545 2
111546 4
111547 4
111551 3
111552 -1
111553 2
111554 -3
111555 0
111556 4
111557 4
111565 0
111566 0
111567 1
111575 0
111576 2
111577 2
111611 3
111616 0
111617 3
111622 1
111626 0
111627 4
111633 -2
111636 2
111637 3
111644 1
111646 4
111647 4
111655 -2
111656 -2
111657 0
111661 2
111662 2
111663 0
111664 -2
111665 3
111666 1
111667 4
111676 0
111677 1
111711 3
111717 4
111722 0
111727 4
111733 0
111737 5
111744 2
111747 5
111755 0
111757 2
111766 0
111767 3
111771 0
111772 -1
111773 0
111774 -2
111775 2
111776 1
111777 2
112111 5
112112 0
112113 3
112114 0
112115 4
112116 4
112117 4
112121 2
112122 3
112123 2
112124 2
112125 4
112126 5
112127 4
112131 18
112132 18
112133 18
112134 -1
112135 18
112136 18
112137 18
112141 18
112142 18
112143 3
112144 18
112145 18
112146 18
112147 18
112151 -1
112152 1
112153 2
112154 -1
112155 0
112156 3
112157 3
112161 -1
112162 2
112163 0
112164 -1
112165 3
112166 0
112167 2
112171 -1
112172 3
112173 -1
112174 -1
112175 3
112176 2
112177 3
112212 -2
112221 3
112222 0
112223 0
112224 0
112225 3
112226 2
112227 3
112232 18
112233 18
112234 -2
112235 18
112236 18
112237 18
112242 18
112243 0
112244 18
112245 18
112246 18
112247 18
112252 1
112253 1
112254 -2
112255 0
112256 1
112257 2
112262 1
112263 0
112264 0
112265 2
112266 0
112267 0
112272 1
112273 -1
112274 -2
112275 2
112276 0
112277 2
112322 -1
112323 8
112324 2
112325 4
112326 3
112327 3
112331 3
112332 3
112333 0
112334 3
112335 4
112336 4
112337 4
112343 0
112344 -3
112345 3
112346 3
112347 3
112353 -3
112354 2
112355 -1
112356 2
112357 3
112363 -3
112364 2
112365 2
112366 -1
112367 -2
112373 -3
112374 0
112375 2
112376 -2
112377 0
112422 -1
112424 2
112425 2
112426 2
112427 3
112433 -2
112434 -4
112435 0
112436 0
112437 0
112441 0
112442 3
112443 3
112444 0
112445 3
112446 2
112447 3
112454 -4
112455 -2
112456 2
112457 0
112464 -5
112465 3
112466 0
112467 1
112474 -3
112475 2
112476 2
112477 0
112522 4
112525 3
112526 4
112527 4
112533 18
112535 18
112536 18
112537 18
112544 18
112545 18
112546 18
112547 18
112551 4
112552 4
112553 4
112554 -3
112555 6
112556 4
112557 6
112565 2
112566 2
112567 4
112575 2
112576 3
112577 4
112622 3
112626 4
112627 4
112633 18
112636 18
112637 18
112644 18
112646 18
112647 18
112655 2
112656 2
112657 4
112661 4
112662 3
112663 2
112664 -2
112665 3
112666 4
112667 3
112676 0
112677 3
112722 3
112727 4
112733 18
112737 18
112744 18
112747 18
112755 0
112757 4
112766 2
112767 0
112771 4
112772 0
112773 0
112774 0
112775 3
112776 3
112777 4
113111 5
113112 2
113113 0
113114 0
113115 4
113116 5
113117 5
113131 3
113132 3
113133 4
113134 3
113135 4
113136 3
113137 10
113141 18
113142 2
113143 18
113144 18
113145 18
113146 18
113147 18
113151 0
113152 2
113153 17
113154 -1
113155 17
113156 3
113157 17
113161 0
113162 3
113163 17
113164 -1
113165 3
113166 17
113167 17
113171 -1
113172 0
113173 -1
113174 -2
113175 2
113176 4
113177 2
113221 2
113222 0
113223 2
113224 4
113225 3
113226 2
113227 4
113232 3
113233 0
113234 3
113235 4
113236 3
113237 4
113242 0
113243 0
113244 0
113245 1
113246 2
113247 4
113252 0
113253 -2
113254 0
113255 -1
113256 0
113257 3
113262 0
113263 -2
113264 0
113265 3
113266 4
113267 4
113272 -1
113273 -3
113274 -1
113275 0
113276 -2
113277 1
113313 -3
113323 18
113331 4
113332 2
113333 2
113334 0
113335 3
113336 3
113337 5
113343 18
113344 18
113345 18
113346 18
113347 18
113353 17
113354 -4
113355 17
113356 0
113357 17
113363 17
113364 -2
113365 0
113366 17
113367 17
113373 -3
113374 -2
113375 0
113376 -1
113377 0
113433 -1
113434 3
113435 2
113436 2
113437 3
113441 3
113442 4
113443 3
113444 0
113445 4
113446 4
113447 4
113454 -4
113455 -4
113456 0
113457 0
113464 -4
113465 2
113466 0
113467 2
113474 -6
113475 2
113476 0
113477 0
113533 1
113535 3
113536 12
113537 10
113544 18
113545 18
113546 18
113547 18
113551 4
113552 4
113553 2
113554 2
113555 4
113556 10
113557 4
113565 2
113566 2
113567 4
113575 -2
113576 4
113577 2
113633 0
113636 10
113637 7
113644 18
113646 18
113647 18
113655 0
113656 2
113657 3
113661 5
113662 3
113663 3
113664 2
113665 3
113666 5
113667 4
113676 0
113677 3
113733 4
113737 11
113744 18
113747 18
113755 17
113757 17
113766 17
113767 17
113771 5
113772 1
113773 1
113774 -1
113775 1
113776 2
113777 5
114111 5
114112 4
114113 5
114114 3
114115 4
114116 5
114117 5
114141 4
114142 4
114143 5
114144 4
114145 10
114146 5
114147 10
114151 3
114152 17
114153 3
114154 17
114155 17
114156 3
114157 17
114161 3
114162 17
114163 4
114164 17
114165 3
114166 17
114167 17
114171 2
114172 3
114173 3
114174 2
114175 3
114176 4
114177 4
114221 4
114222 4
114223 5
114224 2
114225 3
114226 5
114227 5
114242 5
114243 5
114244 3
114245 6
114246 5
114247 5
114252 17
114253 3
114254 17
114255 17
114256 2
114257 4
114262 17
114263 4
114264 17
114265 2
114266 17
114267 3
114272 2
114273 4
114274 -2
114275 2
114276 4
114277 3
114331 4
114332 4
114333 0
114334 1
114335 4
114336 2
114337 4
114343 5
114344 0
114345 5
114346 5
114347 5
114353 0
114354 -3
114355 1
114356 2
114357 2
114363 3
114364 3
114365 3
114366 1
114367 1
114373 0
114374 2
114375 2
114376 0
114377 4
114414 -2
114424 18
114434 18
114441 4
114442 3
114443 3
114444 1
114445 4
114446 4
114447 4
114454 17
114455 17
114456 -2
114457 17
114464 17
114465 0
114466 17
114467 17
114474 -2
114475 2
114476 0
114477 1
114544 2
114545 5
114546 12
114547 10
114551 5
114552 4
114553 4
114554 4
114555 6
114556 11
114557 6
114565 2
114566 1
114567 4
114575 2
114576 4
114644 4
114646 4
114647 5
114655 -1
114656 2
114657 3
114661 5
114662 5
114663 4
114664 3
114665 5
114666 5
114667 4
114676 0
114744 4
114747 11
114755 17
114757 17
114766 17
114767 17
114771 5
114772 3
114773 0
114774 3
114775 4
114776 4
114777 5
115111 4
115112 2
115113 3
115114 -1
115115 2
115116 2
115117 4
115151 -2
115152 5
115153 4
115154 2
115155 -2
115156 3
115157 4
115161 0
115162 17
115163 2
115164 0
115165 17
115166 17
115167 2
115171 -2
115172 2
115173 2
115174 -2
115175 0
115176 0
115177 2
115221 3
115222 3
115223 2
115224 2
115225 2
115226 2
115227 3
115252 5
115253 4
115254 3
115255 -1
115256 3
115257 4
115262 17
115263 4
115264 0
115265 17
115266 17
115267 4
115272 0
115273 3
115274 0
115275 0
115276 -2
115331 3
115332 4
115333 0
115334 4
115335 2
115336 4
115337 4
115353 2
115354 4
115355 2
115356 4
115357 4
115363 0
115364 2
115365 0
115366 3
115367 0
115373 -2
115374 2
115375 0
115376 0
115441 2
115442 4
115443 5
115444 -1
115445 2
115446 4
115447 4
115454 3
115455 -2
115456 2
115457 3
115464 -4
115465 -2
115466 -2
115467 -1
115474 -5
115475 -3
115476 2
115515 -3
115525 -2
115535 17
115545 17
115551 3
115552 3
115553 2
115554 -2
115555 0
115556 2
115557 2
115565 17
115566 17
115567 0
115575 -3
115576 -3
115655 -2
115656 4
115657 4
115661 3
115662 2
115663 3
115664 2
115665 2
115666 1
115667 4
115676 -2
115755 2
115757 4
115766 0
115767 0
115771 2
115772 0
115773 2
115774 -2
115775 0
115776 1
115777 4
116111 4
116112 3
116113 2
116114 2
116115 2
116116 4
116117 4
116161 0
116162 3
116163 3
116164 2
116165 3
116166 4
116167 4
116171 -1
116172 3
116173 2
116174 -1
116175 0
116176 2
116177 3
116221 2
116222 2
116223 2
116224 2
116225 1
116226 4
116227 4
116262 4
116263 3
116264 3
116265 2
116266 3
116267 3
116272 0
116273 3
116274 -1
116275 -3
116276 -1
116331 3
116332 3
116333 0
116334 2
116335 4
116336 2
116337 4
116363 3
116364 2
116365 3
116366 -2
116367 3
116373 0
116374 -1
116375 0
116376 1
116441 2
116442 4
116443 3
116444 0
116445 3
116446 3
116447 3
116464 3
116465 2
116466 2
116467 2
116474 -5
116475 0
116476 -3
116551 4
116552 0
116553 4
116554 3
116555 -1
116556 1
116557 4
116565 2
116566 -2
116567 5
116575 -2
116576 -2
116616 0
116626 0
116636 17
116646 17
116656 17
116661 2
116662 3
116663 0
116664 0
116665 2
116666 0
116667 1
116676 1
116766 4
116767 3
116771 3
116772 1
116773 0
116774 2
116775 1
116776 0
116777 3
117111 4
117112 0
117113 0
117114 0
117115 1
117116 2
117117 4
117171 -2
117172 1
117173 2
117174 -2
117175 2
117176 1
117177 3
117221 1
117222 -1
117223 3
117224 2
117225 2
117226 2
117227 3
117272 -3
117273 1
117274 -2
117275 0
117276 0
117277 0
117331 2
117332 3
117333 0
117334 0
117335 2
117336 2
117337 3
117373 -3
117374 -4
117375 -4
117376 0
117377 2
117441 0
117442 3
117443 0
117444 0
117445 0
117446 4
117447 3
117474 -4
117475 -3
117476 2
117477 -2
117551 2
117552 1
117553 2
117554 2
117555 0
117556 3
117575 0
117576 2
117577 0
117661 3
117662 2
117663 2
117664 4
117665 3
117666 -2
117676 0
117677 -2
117717 3
121111 -1
121112 -2
121113 0
121114 -3
121115 -2
121116 -2
121117 -1
121121 -1
121122 -2
121123 3
121124 4
121125 3
121126 0
121127 3
121131 0
121132 -1
121133 -2
121134 -2
121135 1
121136 -1
121137 1
121141 3
121142 -1
121143 4
121144 -2
121145 2
121146 4
121147 3
121151 3
121152 -2
121153 2
121154 -2
121155 -2
121156 -2
121157 0
121161 0
121162 -1
121163 2
121164 0
121165 -2
121166 0
121167 0
121171 -2
121172 -2
121173 1
121174 -2
121175 -1
121176 -2
121211 -1
121212 18
121213 18
121214 18
121215 18
121216 18
121217 18
121221 -1
121222 -1
121223 3
121224 0
121225 0
121226 2
121227 1
121232 -3
121233 -3
121234 0
121235 -1
121236 0
121237 0
121242 1
121243 0
121244 1
121245 -1
121246 2
121247 0
121252 -1
121253 1
121254 2
121255 -3
121256 -1
121257 1
121262 -4
121263 0
121264 -4
121265 -2
121266 -1
121267 1
121272 -4
121273 0
121274 -3
121275 0
121276 2
121311 0
121313 18
121314 18
121315 18
121316 18
121317 18
121322 -1
121323 -1
121324 2
121325 2
121326 3
121327 3
121331 3
121332 1
121333 0
121334 1
121335 2
121336 3
121337 3
121343 2
121344 2
121345 2
121346 4
121347 4
121353 1
121354 2
121355 0
121356 1
121357 2
121363 -1
121364 -1
121365 -3
121366 0
121367 1
121373 -2
121374 -3
121375 -1
121376 0
121411 -3
121414 18
121415 18
121416 18
121417 18
121422 4
121424 -3
121425 -3
121426 2
121427 2
121433 2
121434 -2
121435 0
121436 1
121437 2
121441 4
121442 3
121443 0
121444 -2
121445 -2
121446 2
121447 -1
121454 -3
121455 -3
121456 2
121457 2
121464 -5
121465 0
121466 -2
121467 2
121474 -3
121475 -3
121476 2
121511 -1
121515 18
121516 18
121517 18
121522 -3
121525 0
121526 2
121527 2
121533 -1
121535 -3
121536 0
121537 0
121544 0
121545 0
121546 2
121547 2
121551 2
121552 2
121553 1
121554 0
121555 -1
121556 0
121557 0
121565 -3
121566 -2
121567 0
121575 -3
121576 0
121611 0
121616 18
121617 18
121622 -2
121626 -3
121627 2
121633 -3
121636 -3
121637 0
121644 0
121646 2
121647 4
121655 -3
121656 -2
121657 0
121661 2
121662 1
121663 2
121664 2
121665 2
121666 -2
121667 2
121676 -2
121711 0
121717 18
121722 -1
121727 3
121733 2
121737 2
121744 2
121747 4
121755 -2
121757 1
121766 -2
121767 2
121771 -1
121772 -1
121773 0
121774 -2
121775 -1
121776 -1
121777 2
122121 3
122122 3
122123 3
122124 2
122125 3
122126 2
122127 3
122212 -2
122221 1
122222 -1
122223 1
122224 4
122225 -2
122226 1
122227 1
122232 -2
122233 -2
122234 4
122235 -3
122236 -2
122237 -1
122242 4
122243 3
122244 -2
122245 4
122246 5
122247 5
122252 1
122253 -1
122254 5
122255 1
122256 -2
122257 -1
122262 2
122263 0
122264 3
122265 -3
122266 4
122267 -2
122272 -2
122273 -1
122274 2
122275 -3
122276 -2
122322 3
122323 3
122324 3
122325 3
122326 3
122327 3
122331 4
122332 0
122333 -2
122334 3
122335 4
122336 3
122337 3
122343 4
122344 3
122345 4
122346 5
122347 5
122353 2
122354 7
122355 1
122356 2
122357 3
122363 2
122364 1
122365 -1
122366 2
122367 2
122373 2
122374 2
122375 2
122376 2
122422 4
122424 2
122425 2
122426 2
122427 2
122433 3
122434 -3
122435 4
122436 4
122437 4
122441 4
122442 5
122443 7
122444 4
122445 4
122446 7
122447 7
122454 -1
122455 2
122456 7
122457 7
122464 -3
122465 0
122466 4
122467 4
122474 -1
122475 -1
122476 4
122522 2
122525 0
122526 3
122527 3
122533 1
122535 -2
122536 2
122537 2
122544 2
122545 3
122546 5
122547 5
122551 3
122552 -2
122553 4
122554 2
122555 -2
122556 1
122557 1
122565 -3
122566 -2
122567 2
122575 -1
122576 2
122622 3
122626 -1
122627 3
122633 0
122636 -3
122637 2
122644 2
122646 5
122647 5
122655 -2
122656 -2
122657 2
122661 3
122662 2
122663 3
122664 2
122665 3
122666 2
122667 4
122676 -1
122722 3
122727 3
122733 2
122737 4
122744 3
122747 5
122755 1
122757 4
122766 3
122767 3
122771 3
122772 -1
122773 3
122774 0
122775 2
122776 2
122777 2
123221 0
123222 -1
123223 -3
123224 1
123225 1
123226 1
123227 2
123232 -1
123233 -1
123234 2
123235 2
123236 3
123237 2
123242 -3
123243 -3
123244 -3
123245 -2
123246 -3
123247 1
123252 -1
123253 -3
123254 -2
123255 -3
123256 -1
123257 0
123262 -2
123263 -3
123264 -2
123265 -1
123266 -2
123267 0
123272 -3
123273 -3
123274 -3
123275 -2
123276 -1
123313 -5
123323 -3
123332 -3
123333 -2
123334 3
123335 2
123336 0
123337 2
123343 -3
123344 -3
123345 0
123346 -2
123347 0
123353 -3
123354 0
123355 -3
123356 -3
123357 -1
123363 -4
123364 -4
123365 -2
123366 -2
123367 2
123373 -4
123374 -3
123375 -2
123376 -3
123433 -1
123434 2
123435 4
123436 4
123437 4
123442 4
123443 5
123444 -2
123445 4
123446 4
123447 4
123454 -3
123455 -2
123456 1
123457 0
123464 -3
123465 2
123466 -2
123467 0
123474 -3
123475 0
123476 3
123533 -2
123535 2
123536 2
123537 2
123544 -2
123545 -2
123546 2
123547 2
123552 1
123553 2
123554 2
123555 -1
123556 2
123557 3
123565 -3
123566 0
123567 0
123575 -3
123576 0
123633 -2
123636 2
123637 3
123644 -3
123646 -1
123647 3
123655 -3
123656 -2
123657 0
123662 0
123663 -3
123664 2
123665 2
123666 -1
123667 2
123676 -2
123733 0
123737 4
123744 0
123747 4
123755 0
123757 4
123766 0
123767 3
123772 0
123773 -2
123774 0
123775 -2
123776 -2
123777 0
124221 4
124222 -1
124223 5
124224 -3
124225 -1
124226 4
124227 2
124242 4
124243 5
124244 -2
124245 5
124246 5
124247 5
124252 4
124253 2
124254 17
124255 17
124256 -2
124257 3
124262 -2
124263 2
124264 17
124265 -2
124266 17
124267 0
124272 -2
124273 2
124274 -2
124275 -2
124276 0
124332 4
124333 2
124334 2
124335 4
124336 4
124337 5
124343 5
124344 -2
124345 5
124346 5
124347 5
124353 -1
124354 0
124355 1
124356 0
124357 2
124363 0
124364 2
124365 3
124366 3
124367 2
124373 2
124374 0
124375 2
124376 4
124414 -5
124424 -3
124434 -3
124442 2
124443 4
124444 -2
124445 3
124446 2
124447 3
124454 17
124455 17
124456 -3
124457 0
124464 17
124465 -3
124466 17
124467 -2
124474 -4
124475 -2
124476 -2
124544 -1
124545 4
124546 5
124547 5
124552 0
124553 4
124554 2
124555 -2
124556 4
124557 3
124565 -2
124566 -1
124567 2
124575 -2
124644 4
124646 5
124647 5
124655 -2
124656 -2
124657 3
124662 4
124663 5
124664 2
124665 4
124666 5
124667 4
124744 2
124747 5
124755 0
124757 4
124766 4
124767 4
124772 -1
124773 3
124774 0
124775 2
124776 4
124777 4
125221 3
125222 -1
125223 3
125224 3
125225 0
125226 -1
125227 1
125252 2
125253 4
125254 2
125255 -1
125256 2
125257 3
125262 2
125263 3
125264 0
125265 17
125266 17
125267 0
125272 -2
125273 2
125274 -3
125275 -3
125332 3
125333 4
125334 6
125335 2
125336 4
125337 3
125353 3
125354 4
125355 3
125356 4
125357 4
125363 1
125364 2
125365 0
125366 2
125367 0
125373 1
125374 2
125375 0
125442 5
125443 7
125444 0
125445 3
125446 7
125447 7
125454 3
125455 -2
125456 4
125457 3
125464 -4
125465 0
125466 0
125467 2
125474 -3
125475 -2
125515 -3
125525 -2
125535 -3
125545 17
125552 3
125553 1
125554 2
125555 0
125556 0
125557 2
125565 17
125566 17
125567 0
125575 -4
125655 -2
125656 3
125657 4
125662 -2
125663 3
125664 4
125665 0
125666 -2
125667 2
125755 0
125757 3
125766 3
125767 3
125772 -2
125773 3
125774 0
125775 -2
125776 0
125777 1
126221 2
126222 -1
126223 2
126224 0
126225 -3
126226 -1
126227 1
126262 -3
126263 2
126264 2
126265 -3
126266 2
126267 0
126272 -3
126273 2
126274 -4
126275 -3
126276 -3
126332 2
126333 0
126334 2
126335 2
126336 3
126337 2
126363 -1
126364 2
126365 2
126366 -1
126367 2
126373 -1
126374 -3
126375 -2
126376 1
126442 4
126443 2
126444 2
126445 2
126446 4
126447 4
126464 -3
126465 1
126466 1
126467 2
126474 -5
126475 -2
126476 -3
126552 -2
126553 3
126554 0
126555 -2
126556 0
126557 3
126565 2
126566 -2
126567 2
126575 -3
126576 -2
126616 -2
126626 3
126636 0
126646 17
126656 17
126662 0
126663 0
126664 0
126665 -2
126666 0
126667 0
126676 -2
126766 0
126767 3
126772 -2
126773 0
126774 0
126775 -2
126776 0
126777 0
127221 -3
127222 -2
127223 1
127224 -2
127225 -3
127226 -3
127227 -1
127272 -4
127273 -1
127274 -4
127275 -3
127277 -3
127332 2
127333 0
127334 0
127335 0
127336 2
127373 -3
127374 -2
127375 -1
127377 2
127442 4
127443 -2
127444 -2
127445 -2
127446 4
127474 -4
127475 -2
127477 -2
127552 0
127553 2
127554 0
127555 -2
127575 -3
127577 0
131111 2
131113 -3
131114 -3
131115 -2
131116 0
131117 2
131121 0
131122 -2
131123 -3
131124 0
131125 2
131126 2
131127 2
131131 2
131133 0
131134 0
131135 3
131136 3
131137 2
131141 0
131143 -2
131144 -2
131145 3
131146 3
131147 2
131151 0
131153 -3
131154 0
131155 1
131156 2
131157 2
131161 0
131163 -2
131164 0
131165 2
131166 -2
131167 2
131171 0
131173 -2
131174 -3
131175 -2
131311 -2
131313 18
131314 18
131315 18
131316 18
131317 18
131322 -3
131323 -4
131324 -2
131325 -3
131326 -3
131327 0
131331 0
131332 2
131333 0
131334 -2
131335 -1
131336 0
131337 2
131343 -3
131344 -3
131345 2
131346 0
131347 2
131353 -3
131354 0
131355 -4
131356 -2
131357 1
131363 -5
131364 -4
131365 -1
131366 -2
131367 0
131373 -7
131374 -7
131375 -5
131411 -3
131414 18
131415 18
131416 18
131417 18
131422 -1
131424 -5
131425 0
131426 -2
131427 0
131433 -3
131434 -3
131435 -18
131436 1
131437 0
131441 0
131443 -2
131444 -4
131445 -18
131446 -2
131447 0
131454 -3
131455 -2
131456 1
131457 2
131464 -3
131465 0
131466 -2
131467 2
131474 -11
131475 -18
131511 -4
131515 18
131516 18
131517 18
131522 -2
131525 -3
131526 -3
131527 2
131533 -3
131535 -3
131536 2
131537 0
131544 -4
131545 -2
131546 2
131547 2
131551 -2
131553 2
131554 -18
131555 0
131556 0
131557 2
131565 -4
131566 -2
131567 2
131575 -6
131611 -2
131616 18
131617 18
131622 0
131626 -2
131627 1
131633 0
131636 2
131637 2
131644 -2
131646 -3
131647 2
131655 -2
131656 1
131657 2
131661 2
131663 0
131664 0
131665 0
131666 0
131667 3
131711 0
131717 18
131722 2
131727 2
131733 0
131737 3
131744 2
131747 2
131755 0
131757 2
131766 -2
131767 0
131771 2
131773 -3
131774 0
131775 2
131776 0
131777 2
132212 -3
132222 -2
132223 -3
132224 1
132225 2
132226 1
132227 2
132232 -1
132233 -1
132234 2
132235 2
132236 2
132237 2
132242 -2
132243 -3
132244 -4
132245 2
132246 -2
132247 -1
132252 -3
132253 -3
132254 1
132255 -1
132256 0
132257 1
132262 -3
132263 -3
132264 -1
132265 1
132266 -2
132267 -2
132272 -4
132273 -3
132274 -2
132275 -1
132322 -3
132323 -3
132324 4
132325 2
132326 2
132327 3
132331 -1
132332 -3
132333 -3
132334 2
132335 2
132336 0
132337 0
132343 -4
132344 -3
132345 0
132346 0
132347 0
132353 -3
132354 1
132355 -3
132356 -3
132357 -3
132363 -3
132364 -2
132365 -2
132366 -3
132367 -3
132373 -4
132374 -1
132375 -4
132422 -2
132424 2
132425 2
132426 2
132427 3
132433 -2
132434 -3
132435 2
132436 2
132437 2
132442 3
132443 2
132444 -1
132445 2
132446 1
132447 3
132454 0
132455 -2
132456 2
132457 3
132464 -5
132465 2
132466 -1
132467 2
132474 -5
132475 0
132522 -2
132525 2
132526 2
132527 3
132533 -2
132535 2
132536 2
132537 4
132544 1
132545 2
132546 2
132547 4
132552 2
132553 2
132554 2
132555 -2
132556 0
132557 4
132565 -2
132566 -2
132567 2
132575 -3
132622 -3
132626 -2
132627 2
132633 -2
132636 2
132637 3
132644 -3
132646 -2
132647 3
132655 0
132656 0
132657 2
132662 0
132663 -3
132664 1
132665 0
132666 -2
132667 2
132722 -3
132727 3
132733 1
132737 4
132744 -3
132747 3
132755 0
132757 3
132766 -2
132767 -2
132772 0
132773 -3
132774 2
132775 1
132776 0
132777 0
133131 4
133132 5
133133 4
133134 3
133135 4
133136 4
133137 4
133232 4
133233 3
133234 3
133235 4
133236 4
133237 5
133313 -3
133323 -3
133331 1
133332 2
133333 0
133334 -1
133335 1
133336 2
133337 1
133343 -3
133344 -2
133345 1
133346 0
133347 0
133353 -2
133354 0
133355 -2
133356 1
133357 1
133363 -2
133364 -1
133365 0
133366 -2
133367 -1
133373 -2
133374 -3
133375 -3
133433 3
133434 -1
133435 -18
133436 2
133437 2
133441 0
133442 6
133443 0
133444 -4
133445 -18
133446 -1
133447 0
133454 0
133455 2
133456 2
133457 4
133464 0
133465 2
133466 1
133467 2
133474 -5
133475 -18
133533 4
133535 4
133536 3
133537 4
133544 1
133545 4
133546 4
133547 4
133551 4
133552 4
133553 0
133554 -18
133555 2
133556 3
133557 4
133565 2
133566 2
133567 3
133575 -3
133633 3
133636 2
133637 3
133644 2
133646 0
133647 3
133655 2
133656 2
133657 4
133661 4
133662 3
133663 2
133664 2
133665 4
133666 2
133667 3
133733 4
133737 4
133744 -1
133747 4
133755 2
133757 4
133766 2
133767 3
133771 3
133772 3
133773 0
133774 0
133775 2
133776 2
133777 3
134331 1
134332 4
134333 -3
134334 -3
134335 2
134336 2
134337 3
134343 -2
134344 -2
134345 4
134346 4
134347 4
134353 -5
134354 -5
134355 -4
134356 -2
134357 -3
134363 -2
134364 -3
134365 0
134366 -3
134367 -2
134373 -1
134374 -4
134375 -3
134414 -5
134424 -5
134434 -4
134443 -3
134444 -2
134445 3
134446 4
134447 3
134454 -4
134455 -4
134456 -3
134457 -3
134464 -5
134465 2
134466 -3
134467 -2
134474 -4
134475 -4
134544 0
134545 4
134546 6
134547 6
134553 3
134554 2
134555 0
134556 4
134557 4
134565 1
134566 1
134567 2
134644 -2
134646 4
134647 7
134655 0
134656 -2
134657 0
134663 0
134664 2
134665 4
134666 2
134667 3
134744 -1
134747 7
134755 -2
134757 2
134766 -1
134767 0
134773 -2
134774 -4
134775 2
134776 2
134777 2
135331 0
135332 2
135333 -2
135334 3
135335 -3
135336 -2
135337 1
135353 1
135354 2
135355 -3
135356 2
135357 3
135363 -3
135364 -3
135365 -4
135366 -2
135367 -3
135373 -3
135374 -4
135375 -3
135443 4
135444 0
135445 2
135446 5
135447 5
135454 4
135455 0
135456 4
135457 4
135464 -2
135465 0
135466 -2
135467 2
135474 -3
135475 -2
135515 -3
135525 -3
135535 2
135545 -3
135553 -3
135554 2
135555 -2
135556 2
135557 2
135565 -3
135566 -3
135567 -3
135575 -3
135655 -2
135656 3
135657 4
135663 -3
135664 4
135665 1
135666 -2
135667 4
135755 2
135757 4
135766 -3
135767 0
135773 -3
135774 0
135775 -1
135776 1
135777 2
136331 1
136332 2
136333 -2
136334 2
136335 2
136336 -1
136337 1
136363 0
136364 0
136365 2
136366 -3
136367 2
136373 -5
136374 -5
136376 -2
136443 2
136444 1
136445 2
136446 3
136447 3
136464 2
136465 2
136466 2
136467 2
136474 -5
136476 -2
136553 2
136554 2
136555 2
136556 2
136557 4
136565 2
136566 -2
136567 3
136616 -3
136626 -3
136636 -2
136646 -1
136656 -2
136663 -3
136664 -1
136665 -2
136666 -2
136667 0
136676 -1
136766 -2
136767 3
136773 -3
136774 0
136775 1
136776 -1
136777 0
137331 0
137332 2
137333 -2
137334 -5
137335 -4
137336 -3
137337 2
137373 -7
137374 -7
137377 -2
137443 -1
137444 -4
137445 -18
137474 -11
137477 -2
141111 -2
141114 -5
141115 -5
141116 -3
141117 -2
141121 -2
141122 -3
141124 -4
141125 -4
141126 -4
141127 -2
141131 0
141133 -4
141134 -4
141135 0
141136 -2
141137 -2
141141 0
141144 -2
141145 1
141146 -2
141147 2
141151 -2
141154 -5
141155 -3
141156 -2
141157 0
141161 0
141164 -4
141165 1
141166 -2
141167 0
141171 -2
141174 -4
141411 -5
141414 18
141415 18
141416 18
141417 18
141422 -5
141424 -6
141425 -6
141426 -6
141427 -5
141433 -4
141434 -5
141435 -5
141436 -4
141437 -4
141441 -3
141442 4
141443 -3
141444 -4
141445 -6
141446 -3
141447 -3
141454 -6
141455 -6
141456 -3
141457 -4
141464 -5
141465 -6
141466 -4
141467 -3
141474 -11
141511 -6
141515 18
141516 18
141517 18
141522 -4
141525 -7
141526 -18
141527 -5
141533 -4
141535 -5
141536 -2
141537 -3
141544 -4
141545 -2
141546 -18
141547 0
141551 -2
141554 -5
141555 -4
141556 -18
141557 0
141565 -2
141566 -2
141567 0
141611 -5
141616 18
141617 18
141622 -5
141626 -5
141627 -3
141633 -4
141636 -3
141637 -3
141644 -4
141646 -3
141647 -2
141655 -2
141656 -3
141657 -2
141661 -3
141664 -4
141665 -18
141666 -4
141667 -3
141711 -3
141717 18
141722 -2
141727 0
141733 -4
141737 -2
141744 -2
141747 3
141755 -2
141757 0
141766 -1
141767 0
141771 -2
141774 -4
141775 -5
141776 -3
141777 -2
142212 -4
142222 -2
142224 -5
142225 -4
142226 -4
142227 1
142232 -4
142233 -3
142234 -5
142235 -2
142236 -2
142237 -3
142242 2
142244 -3
142245 0
142246 -2
142247 3
142252 -3
142254 -6
142255 -3
142256 -2
142257 -2
142262 -3
142264 -5
142265 0
142266 -3
142267 -2
142272 -3
142274 -5
142422 -5
142424 -6
142425 -6
142426 -5
142427 0
142433 -5
142434 -5
142435 -4
142436 -5
142437 -5
142441 2
142442 -5
142443 2
142444 -4
142445 -4
142446 -3
142447 0
142454 -6
142455 -6
142456 -3
142457 -4
142464 -5
142465 -5
142466 -5
142467 -5
142474 -6
142522 -4
142525 -7
142526 -18
142527 0
142533 -1
142535 -4
142536 -3
142537 -2
142544 -4
142545 -2
142546 -18
142547 1
142552 -3
142554 -5
142555 -4
142556 -18
142557 -2
142565 -2
142566 0
142567 1
142622 -3
142626 -5
142627 2
142633 -2
142636 -2
142637 -2
142644 -4
142646 -1
142647 1
142655 -2
142656 -1
142657 2
142662 -4
142664 -5
142665 -18
142666 -4
142667 -2
142722 2
142727 4
142733 -2
142737 -1
142744 -2
142747 4
142755 1
142757 3
142766 0
142767 0
142772 -3
142774 -4
142775 -4
142776 -3
142777 0
143313 -5
143323 -5
143333 -3
143334 -4
143335 0
143336 -2
143337 0
143343 -4
143344 -5
143345 2
143346 2
143347 3
143353 -5
143354 -6
143355 -5
143356 -3
143357 -2
143363 -5
143364 -5
143365 -2
143366 -2
143367 -2
143373 -5
143374 -6
143433 -5
143434 -5
143435 2
143436 2
143437 2
143441 -4
143442 0
143443 -5
143444 -4
143445 2
143446 3
143447 -2
143454 -6
143455 -6
143456 -3
143457 -3
143464 -5
143465 -1
143466 -5
143467 -3
143474 -6
143533 0
143535 2
143536 2
143537 2
143544 -2
143545 3
143546 -2
143547 0
143553 1
143554 0
143555 -2
143556 0
143557 -1
143565 2
143566 0
143567 2
143633 0
143636 -2
143637 -1
143644 -2
143646 4
143647 0
143655 0
143656 -2
143657 1
143663 0
143664 2
143665 2
143666 2
143667 1
143733 -1
143737 3
143744 -2
143747 4
143755 -2
143757 0
143766 0
143767 1
143773 -2
143774 -6
143775 0
143776 -2
143777 -2
144141 5
144142 5
144143 5
144144 3
144145 5
144146 5
144147 5
144242 5
144243 5
144244 4
144245 4
144246 6
144247 5
144343 5
144344 2
144345 -18
144346 5
144347 5
144414 -4
144424 -4
144434 -4
144441 0
144442 4
144443 1
144444 -1
144445 0
144446 -2
144447 0
144454 -4
144455 -2
144456 -2
144457 -1
144464 -4
144465 0
144466 -2
144467 0
144474 -4
144544 2
144545 5
144546 -18
144547 3
144551 0
144552 -1
144553 -18
144554 -4
144555 -2
144556 -18
144557 -1
144565 2
144566 3
144567 3
144644 4
144646 5
144647 4
144655 4
144656 4
144657 4
144661 4
144662 4
144663 4
144664 -4
144665 -18
144666 2
144667 0
144744 4
144747 5
144755 4
144757 4
144766 3
144767 3
144771 3
144772 0
144773 0
144774 -2
144775 0
144776 -1
144777 0
145441 -4
145442 3
145443 3
145444 -4
145445 -6
145446 0
145447 -2
145454 -5
145455 -4
145456 2
145457 3
145464 -6
145465 -6
145466 -6
145467 -5
145515 -3
145525 -2
145535 -4
145545 -2
145554 -6
145555 -3
145556 0
145557 -2
145565 -3
145566 -3
145567 -1
145655 -2
145656 2
145657 2
145664 0
145665 -2
145666 -2
145667 2
145755 0
145757 3
145766 -1
145767 0
145774 -3
145775 -2
145776 0
145777 0
146441 3
146442 -3
146443 2
146444 -4
146445 2
146446 -4
146447 3
146464 -5
146465 2
146466 -4
146467 3
146554 -1
146555 -3
146556 1
146557 3
146565 2
146566 -2
146567 2
146616 -3
146626 -3
146636 -3
146646 2
146656 -4
146664 -5
146665 0
146666 -1
146667 0
146766 2
146767 2
146774 -3
146775 0
146776 -1
146777 0
147441 -3
147442 -1
147443 -3
147444 -3
151111 2
151115 -2
151116 2
151117 3
151121 4
151122 2
151125 2
151126 2
151127 4
151131 2
151133 -2
151135 2
151136 2
151137 3
151141 4
151144 3
151145 2
151146 5
151147 5
151151 2
151155 -2
151156 2
151157 4
151161 0
151165 0
151166 -1
151167 0
151171 0
151511 -4
151515 18
151516 18
151517 18
151522 -2
151525 -7
151526 3
151527 2
151533 -3
151535 -3
151536 -2
151537 0
151544 -4
151545 1
151546 3
151547 2
151551 2
151552 -4
151553 -4
151554 -5
151555 -3
151556 2
151557 2
151565 -4
151566 -3
151567 -2
151611 0
151616 18
151617 18
151622 2
151626 1
151627 3
151633 0
151636 0
151637 4
151644 0
151646 1
151647 4
151655 0
151656 1
151657 3
151661 3
151665 2
151666 0
151667 3
151711 2
151717 18
151722 4
151727 4
151733 2
151737 4
151744 3
151747 4
151755 0
151757 4
151766 -2
151767 0
151771 3
151775 0
151776 2
151777 2
152212 1
152222 0
152225 3
152226 4
152227 3
152232 18
152233 18
152235 18
152236 18
152237 18
152242 18
152244 18
152245 18
152246 18
152247 18
152252 1
152255 4
152256 3
152257 4
152262 -1
152265 0
152266 0
152267 2
152522 2
152525 -3
152526 4
152527 4
152533 18
152535 18
152536 18
152537 18
152544 18
152545 18
152546 18
152547 18
152551 2
152552 3
152553 2
152554 -4
152555 2
152556 3
152557 3
152565 -2
152566 2
152567 2
152622 3
152626 11
152627 12
152633 18
152636 18
152637 18
152644 18
152646 18
152647 18
152655 0
152656 3
152657 5
152662 3
152665 2
152666 3
152667 4
152722 4
152727 11
152733 18
152737 18
152744 18
152747 18
152755 6
152757 6
152766 2
152767 3
152772 2
152775 1
152776 3
152777 4
153313 -4
153323 18
153333 0
153335 -2
153336 2
153337 3
153343 18
153344 18
153345 18
153346 18
153347 18
153353 1
153355 0
153356 2
153357 3
153363 -2
153365 -3
153366 -2
153367 1
153533 -1
153535 0
153536 2
153537 3
153544 18
153545 18
153546 18
153547 18
153551 3
153552 0
153553 0
153554 2
153555 0
153556 2
153557 3
153565 -3
153566 0
153567 1
153633 4
153636 11
153637 12
153644 18
153646 18
153647 18
153655 4
153656 2
153657 12
153663 1
153665 2
153666 2
153667 5
153733 3
153737 11
153744 18
153747 18
153755 4
153757 4
153766 2
153767 4
153773 -2
153775 0
153776 2
153777 2
154414 -5
154424 18
154434 18
154444 2
154445 4
154446 4
154447 4
154454 -2
154455 -2
154456 2
154457 4
154464 -5
154465 -5
154466 -4
154467 -2
154544 0
154545 0
154546 5
154547 5
154551 3
154552 3
154553 2
154554 2
154555 2
154556 4
154557 4
154565 -3
154566 -4
154567 1
154644 0
154646 11
154647 12
154655 5
154656 5
154657 12
154664 3
154665 3
154666 4
154667 7
154744 3
154747 11
154755 6
154757 6
154766 3
154767 4
154774 3
154775 2
154776 4
154777 4
155151 4
155152 3
155153 4
155154 3
155155 4
155156 8
155157 4
155252 2
155253 3
155254 2
155255 3
155256 4
155257 3
155353 4
155354 -18
155355 3
155356 4
155357 4
155454 0
155455 2
155456 -18
155457 3
155515 -2
155525 -1
155535 -2
155545 0
155551 0
155552 -1
155553 -2
155554 -3
155555 2
155556 2
155557 3
155565 -4
155566 -2
155567 -2
155655 2
155656 6
155657 8
155661 3
155662 -1
155663 4
155664 -18
155665 -1
155666 0
155667 4
155755 4
155757 5
155766 3
155767 4
155771 4
155772 -2
155773 0
155774 -2
155775 -3
155776 3
155777 4
156551 2
156552 -1
156553 2
156554 2
156555 -2
156556 2
156557 2
156565 -3
156566 -2
156567 2
156616 -3
156626 0
156636 0
156646 2
156656 -2
156665 -3
156666 -2
156667 0
156766 0
156767 2
156775 -1
156776 0
156777 3
161111 2
161116 -3
161117 0
161121 2
161122 -2
161126 0
161127 4
161131 3
161133 0
161136 3
161137 4
161141 3
161144 1
161146 5
161147 5
161151 -2
161155 -2
161156 -2
161157 2
161161 2
161166 -2
161167 3
161171 0
161611 -3
161616 18
161617 18
161622 0
161626 -5
161627 2
161633 -3
161636 -1
161637 3
161644 -3
161646 -3
161647 3
161655 -3
161656 -4
161657 -2
161661 2
161662 -3
161663 -2
161664 -3
161665 0
161666 -3
161667 -1
161711 0
161717 18
161722 0
161727 3
161733 2
161737 2
161744 2
161747 3
161755 -2
161757 0
161766 1
161767 3
161771 2
161776 -1
161777 2
162212 -2
162222 0
162226 0
162227 3
162232 18
162233 18
162236 18
162237 18
162242 18
162244 18
162246 18
162247 18
162252 1
162255 -2
162256 0
162257 2
162262 -3
162266 3
162267 0
162622 3
162626 -5
162627 4
162633 18
162636 18
162637 18
162644 18
162646 18
162647 18
162655 -2
162656 0
162657 2
162661 4
162662 1
162663 -3
162664 -3
162665 3
162666 1
162667 3
162722 4
162727 5
162733 18
162737 18
162744 18
162747 18
162755 2
162757 3
162766 2
162767 3
162772 0
162776 1
162777 3
163313 -4
163323 18
163333 3
163336 1
163337 3
163343 18
163344 18
163346 18
163347 18
163353 -4
163355 -3
163356 -3
163357 -1
163363 -3
163366 4
163367 3
163633 0
163636 2
163637 11
163644 18
163646 18
163647 18
163655 -3
163656 0
163657 0
163661 4
163662 -2
163663 3
163664 2
163665 4
163666 -1
163667 4
163733 3
163737 11
163744 18
163747 18
163755 1
163757 2
163766 5
163767 3
163773 -3
163776 0
163777 0
164414 -3
164424 18
164434 18
164444 -2
164446 4
164447 4
164454 -5
164455 -4
164456 -4
164457 -2
164464 -3
164466 -2
164467 3
164644 2
164646 4
164647 7
164655 -3
164656 -3
164657 -2
164661 4
164662 4
164663 2
164664 -3
164665 5
164666 3
164667 5
164744 3
164747 8
164755 0
164757 2
164766 5
164767 4
164774 2
164776 2
164777 4
165515 -3
165525 -3
165535 -3
165545 -4
165555 -2
165556 -2
165557 2
165565 -3
165566 -2
165567 2
165655 -3
165656 -3
165657 4
165661 0
165662 -2
165663 0
165664 0
165665 -3
165666 -2
165667 0
165755 -1
165757 3
165766 1
165767 2
165775 -2
165776 0
165777 1
166161 3
166162 3
166163 3
166164 3
166165 5
166166 2
166167 3
166262 0
166263 3
166264 2
166265 3
166266 2
166267 4
166363 0
166364 3
166365 3
166366 2
166367 3
166464 2
166465 -18
166466 2
166467 2
166565 0
166566 3
166567 4
166616 -2
166626 4
166636 4
166646 5
166656 -2
166661 1
166662 1
166663 2
166664 -3
166665 1
166666 3
166667 3
166766 3
166767 4
166771 2
166772 2
166773 2
166774 0
166775 2
166776 -2
166777 2
171111 3
171117 3
171121 0
171122 -2
171127 4
171131 2
171133 0
171137 4
171141 4
171144 2
171147 7
171151 0
171155 2
171157 3
171161 3
171166 0
171167 3
171171 0
171177 3
171711 2
171717 18
171722 2
171727 2
171733 2
171737 -2
171744 2
171747 2
171755 -2
171757 0
171766 0
171767 0
171771 1
171772 2
171773 2
171774 -2
171775 3
171776 2
171777 2
172212 -1
172222 -1
172227 3
172232 18
172233 18
172237 18
172242 18
172244 18
172247 18
172252 1
172255 0
172257 1
172262 -1
172266 -1
172267 -1
172272 -2
172277 -1
172722 3
172727 3
172733 18
172737 18
172744 18
172747 18
172755 0
172757 1
172766 1
172767 0
172771 4
172772 0
172773 0
172774 -2
172775 4
172776 3
172777 3
173313 -3
173323 18
173333 3
173337 5
173343 18
173344 18
173347 18
173353 17
173355 17
173357 17
173363 17
173366 17
173367 17
173373 -2
173377 3
173733 5
173737 3
173744 18
173747 18
173755 17
173757 0
173766 17
173767 1
173771 4
173772 1
173773 2
173774 -2
173775 3
173776 2
173777 3
174414 -2
174424 18
174434 18
174444 2
174447 4
174454 17
174455 17
174457 17
174464 17
174466 17
174467 17
174474 -3
174477 2
174744 0
174747 6
174755 17
174757 4
174766 17
174767 1
174771 4
174772 3
174773 2
174774 1
174775 4
174776 3
174777 4
175515 -2
175525 -2
175535 17
175545 17
175555 -1
175557 2
175565 -3
175566 -3
175567 0
175575 -3
175577 -2
175755 2
175757 3
175766 0
175767 0
175771 4
175772 1
175773 2
175774 0
175775 -2
175776 1
175777 2
176616 -1
176626 -1
176636 17
176646 17
176656 -2
176666 -1
176667 2
176676 -1
176677 0
176766 4
176767 1
176771 1
176772 1
176773 -1
176774 0
176775 1
176776 -1
176777 2
177171 2
177172 0
177173 0
177174 -2
177175 2
177176 1
177177 0
177272 -3
177273 0
177274 -2
177275 0
177276 0
177277 0
177373 -3
177374 -2
177375 2
177376 0
177377 0
177474 -4
177475 -4
177476 -2
177477 -2
177575 0
177576 2
177577 2
177676 0
177677 1
177717 2
177727 3
177737 2
177747 3
177757 2
177767 3
177771 0
177772 -1
177773 0
177774 -2
177775 0
177776 1
177777 0
211111 2
211112 0
211113 0
211114 0
211115 0
211116 3
211117 3
211121 4
211122 -2
211123 9
211124 4
211125 3
211126 4
211127 4
211131 4
211132 0
211133 0
211134 0
211135 2
211136 4
211137 4
211141 5
211142 3
211143 4
211144 0
211145 3
211146 4
211147 5
211151 5
211152 3
211153 4
211154 0
211155 4
211156 4
211157 4
211161 3
211162 1
211163 3
211164 2
211165 -2
211166 0
211167 2
211211 0
211212 -1
211213 0
211214 -2
211215 -1
211216 0
211217 0
211221 0
211222 -1
211223 2
211224 0
211225 0
211226 3
211227 2
211232 -1
211233 2
211234 -1
211235 -1
211236 2
211237 0
211242 -1
211243 0
211244 -1
211245 0
211246 3
211247 2
211252 1
211253 2
211254 0
211255 0
211256 2
211257 2
211262 -1
211263 0
211264 0
211265 -2
211266 -1
211267 0
211311 0
211313 0
211314 1
211315 2
211316 0
211317 3
211322 0
211323 2
211324 3
211325 4
211326 4
211327 5
211331 4
211332 4
211333 -2
211334 5
211335 4
211336 4
211337 4
211343 0
211344 0
211345 2
211346 2
211347 2
211353 0
211354 3
211355 0
211356 3
211357 3
211363 -1
211364 2
211365 3
211366 0
211367 0
211411 -1
211414 -4
211415 -3
211416 -3
211417 2
211422 4
211424 2
211425 2
211426 1
211427 4
211433 -2
211434 -4
211435 0
211436 -1
211437 0
211441 4
211442 2
211443 5
211444 1
211445 3
211446 2
211447 4
211454 -1
211455 1
211456 2
211457 2
211464 -4
211465 3
211466 0
211467 2
211511 0
211515 -3
211516 -2
211517 0
211522 -3
211525 2
211526 2
211527 3
211533 -2
211535 -3
211536 0
211537 0
211544 -3
211545 -1
211546 2
211547 3
211551 3
211552 1
211553 4
211554 0
211555 0
211556 0
211557 4
211565 -3
211566 -2
211567 0
211611 0
211616 0
211617 2
211622 1
211626 4
211627 4
211633 -1
211636 2
211637 2
211644 -1
211646 3
211647 4
211655 2
211656 2
211657 3
211661 4
211662 0
211663 1
211664 0
211665 0
211666 2
211667 3
211711 1
211717 2
211722 1
211727 4
211733 1
211737 4
211744 2
211747 3
211755 2
211757 4
211766 -2
211767 1
211771 0
211772 -2
211773 2
211774 0
211775 0
211776 3
211777 2
212111 3
212112 1
212113 3
212114 2
212115 3
212116 4
212117 4
212121 18
212122 3
212123 18
212124 18
212125 18
212126 18
212127 18
212131 0
212132 3
212133 0
212134 2
212135 4
212136 5
212137 5
212141 4
212142 4
212143 3
212144 4
212145 3
212146 5
212147 5
212151 2
212152 5
212153 5
212154 2
212155 3
212156 7
212157 5
212161 1
212162 1
212163 2
212164 2
212165 3
212166 1
212167 2
212212 -1
212221 2
212222 3
212223 1
212224 2
212225 1
212226 3
212227 3
212232 3
212233 -2
212234 2
212235 0
212236 3
212237 3
212242 3
212243 3
212244 -2
212245 3
212246 4
212247 4
212252 2
212253 3
212254 4
212255 2
212256 4
212257 5
212262 -2
212263 0
212264 2
212265 -2
212266 3
212267 0
212272 -2
212322 3
212323 18
212324 18
212325 18
212326 18
212327 18
212331 4
212332 3
212333 3
212334 6
212335 13
212336 6
212337 6
212343 2
212344 3
212345 6
212346 3
212347 4
212353 2
212354 6
212355 3
212356 5
212357 5
212363 2
212364 3
212365 4
212366 2
212367 2
212422 2
212424 18
212425 18
212426 18
212427 18
212433 2
212434 3
212435 12
212436 3
212437 4
212441 4
212442 4
212443 6
212444 2
212445 4
212446 2
212447 4
212454 3
212455 3
212456 3
212457 3
212464 -3
212465 4
212466 2
212467 3
212522 3
212525 18
212526 18
212527 18
212533 2
212535 3
212536 2
212537 3
212544 3
212545 3
212546 3
212547 4
212551 4
212552 3
212553 5
212554 2
212555 0
212556 2
212557 4
212565 -1
212566 -2
212567 2
212622 3
212626 18
212627 18
212633 2
212636 11
212637 12
212644 4
212646 11
212647 12
212655 4
212656 11
212657 12
212661 3
212662 2
212663 2
212664 3
212665 3
212666 3
212667 4
212722 3
212727 18
212733 2
212737 11
212744 5
212747 11
212755 4
212757 11
212766 2
212767 3
212771 3
212772 1
212773 3
212774 3
212775 3
212776 4
212777 4
213111 2
213112 0
213113 0
213114 0
213115 1
213116 4
213117 3
213131 3
213132 6
213133 0
213134 3
213135 4
213136 11
213137 5
213141 18
213142 18
213143 18
213144 18
213145 0
213146 18
213147 18
213151 18
213152 18
213153 18
213154 0
213155 18
213156 18
213157 18
213161 0
213162 0
213163 0
213164 0
213165 4
213166 0
213167 3
213221 1
213222 0
213223 0
213224 0
213225 -2
213226 3
213227 4
213232 3
213233 -2
213234 3
213235 3
213236 6
213237 6
213242 18
213243 18
213244 18
213245 -1
213246 18
213247 18
213252 18
213253 18
213254 0
213255 18
213256 18
213257 18
213262 -1
213263 -2
213264 1
213265 -2
213266 0
213267 0
213313 -3
213323 -3
213331 3
213332 4
213333 0
213334 2
213335 2
213336 4
213337 4
213343 18
213344 18
213345 0
213346 18
213347 18
213353 18
213354 0
213355 18
213356 18
213357 18
213363 -2
213364 0
213365 -2
213366 0
213367 2
213433 -2
213434 4
213435 12
213436 3
213437 4
213441 4
213442 4
213443 4
213444 0
213445 11
213446 4
213447 4
213454 -3
213455 -2
213456 2
213457 2
213464 -4
213465 2
213466 0
213467 1
213533 -2
213535 3
213536 4
213537 4
213544 -2
213545 -2
213546 2
213547 2
213551 4
213552 -1
213553 2
213554 3
213555 0
213556 2
213557 4
213565 -3
213566 2
213567 3
213633 0
213636 12
213637 12
213644 18
213646 18
213647 18
213655 18
213656 18
213657 18
213661 4
213662 4
213663 0
213664 2
213665 3
213666 6
213667 6
213733 0
213737 11
213744 18
213747 18
213755 18
213757 18
213766 3
213767 2
213771 2
213772 0
213773 0
213774 0
213775 1
213776 2
213777 2
214111 4
214112 4
214113 3
214114 2
214115 1
214116 4
214117 4
214141 5
214142 10
214143 5
214144 4
214145 4
214146 12
214147 10
214151 18
214152 18
214153 4
214154 18
214155 18
214156 18
214157 18
214161 3
214162 17
214163 4
214164 17
214165 0
214166 17
214167 3
214221 5
214222 4
214223 4
214224 -2
214225 3
214226 4
214227 4
214242 10
214243 4
214244 3
214245 5
214246 10
214247 6
214252 18
214253 2
214254 18
214255 18
214256 18
214257 18
214262 17
214263 2
214264 17
214265 1
214266 17
214267 0
214331 4
214332 4
214333 0
214334 4
214335 13
214336 4
214337 5
214343 5
214344 2
214345 13
214346 4
214347 5
214353 1
214354 -2
214355 2
214356 1
214357 3
214363 0
214364 -2
214365 4
214366 2
214367 2
214414 -5
214424 -3
214434 18
214441 6
214442 6
214443 4
214444 -2
214445 3
214446 4
214447 4
214454 18
214455 18
214456 18
214457 18
214464 17
214465 -3
214466 17
214467 -3
214544 0
214545 5
214546 5
214547 5
214551 4
214552 0
214553 4
214554 3
214555 0
214556 5
214557 5
214565 0
214566 0
214644 4
214646 12
214647 12
214655 18
214656 18
214657 18
214661 5
214662 5
214663 3
214664 3
214665 3
214666 5
214667 6
214744 2
214747 11
214755 18
214757 18
214771 3
214772 0
214773 2
214774 1
214775 3
214776 4
214777 4
215111 4
215112 4
215113 4
215114 0
215115 2
215116 3
215117 4
215151 3
215152 10
215153 5
215154 3
215155 3
215156 11
215157 6
215161 1
215162 17
215163 5
215164 0
215165 17
215166 17
215221 5
215222 4
215223 0
215224 4
215225 3
215226 4
215227 4
215252 10
215253 3
215254 0
215255 6
215256 10
215257 4
215262 17
215263 3
215264 0
215265 17
215266 17
215331 5
215332 4
215333 3
215334 6
215335 4
215336 5
215337 5
215353 4
215354 6
215355 5
215356 5
215357 5
215363 3
215364 3
215365 1
215366 3
215441 4
215442 4
215443 6
215444 0
215445 4
215446 4
215447 4
215454 3
215455 0
215456 3
215457 4
215464 -4
215465 0
215466 0
215515 1
215525 3
215535 18
215545 18
215551 3
215552 3
215553 2
215554 3
215555 3
215556 4
215557 4
215565 17
215566 17
215655 1
215656 5
215657 12
215661 4
215662 6
215663 4
215664 3
215665 4
215666 6
215667 10
215755 4
215757 6
215771 4
215772 0
215773 3
215774 2
215775 2
215776 4
215777 5
216111 2
216112 2
216113 0
216114 1
216115 -2
216116 1
216117 1
216161 2
216162 4
216163 3
216164 3
216165 2
216166 3
216221 3
216222 3
216223 0
216224 2
216225 -1
216226 0
216227 0
216262 3
216263 0
216264 4
216265 -2
216266 3
216331 4
216332 4
216333 0
216334 4
216335 7
216336 4
216337 4
216363 2
216364 4
216365 5
216366 0
216441 4
216442 4
216443 4
216444 2
216445 4
216446 4
216447 4
216464 2
216465 4
216466 2
216551 3
216552 2
216553 7
216554 4
216555 -2
216556 1
216565 2
216566 -2
216616 -2
216626 0
216636 -1
216646 17
216656 17
216661 0
216662 0
216663 0
216664 2
216665 -2
216666 0
221211 -2
221212 -3
221221 3
221222 3
221223 -1
221224 -3
221225 2
221226 3
221227 2
221232 18
221233 18
221242 18
221244 18
221252 -3
221255 -2
221262 -3
221266 -2
221272 -4
222121 3
222122 3
222123 2
222124 2
222125 0
222126 3
222127 4
222212 0
222221 0
222222 0
222223 -2
222224 -2
222225 -2
222226 -2
222227 0
222232 17
222233 17
222234 -2
222235 0
222236 17
222237 17
222242 17
222243 -1
222244 17
222245 0
222246 17
222247 17
222252 4
222253 0
222254 -1
222255 -1
222256 3
222257 0
222262 -1
222263 -1
222264 0
222265 -2
222266 -1
222272 0
222322 -2
222323 -3
222324 3
222325 2
222326 1
222327 1
222331 6
222332 2
222333 -2
222334 2
222335 3
222336 2
222337 5
222343 -2
222344 -3
222345 3
222346 4
222347 3
222353 -3
222354 3
222355 -2
222356 3
222357 4
222363 -3
222364 2
222365 1
222366 -2
222422 2
222424 -6
222425 -3
222426 -3
222427 2
222433 0
222434 -5
222435 0
222436 1
222437 -1
222441 4
222442 4
222443 3
222444 0
222445 2
222446 2
222447 4
222454 -5
222455 -2
222456 2
222457 2
222464 -5
222465 2
222466 0
222522 0
222525 -3
222526 1
222527 1
222533 0
222535 -2
222536 0
222537 2
222544 -1
222545 3
222546 4
222547 3
222551 0
222552 0
222553 2
222554 -2
222555 -1
222556 4
222557 0
222565 -1
222566 0
222622 5
222626 3
222627 5
222633 17
222636 17
222637 17
222644 17
222646 17
222647 17
222655 3
222656 2
222657 4
222661 4
222662 3
222663 1
222664 -3
222665 -2
222666 5
222667 4
222722 5
222727 5
222733 17
222737 17
222744 17
222747 17
222755 2
222757 4
222771 0
222772 -1
222773 0
222774 -2
222775 -2
222776 4
222777 5
223221 5
223222 17
223223 17
223224 2
223225 0
223226 17
223227 17
223232 -3
223233 17
223234 2
223235 2
223236 17
223237 17
223242 18
223243 18
223244 18
223245 18
223246 18
223247 18
223252 18
223253 18
223254 -4
223255 18
223256 18
223257 18
223262 -3
223263 17
223264 -3
223265 -1
223266 17
223272 -4
223273 17
223313 18
223323 17
223332 17
223333 17
223334 -1
223335 3
223336 17
223337 17
223343 18
223344 18
223345 18
223346 18
223347 18
223353 18
223354 -4
223355 18
223356 18
223357 18
223363 17
223364 -2
223365 -2
223366 17
223373 17
223433 -4
223434 3
223435 2
223436 2
223437 3
223442 2
223443 4
223444 -2
223445 3
223446 4
223447 4
223454 -4
223455 -3
223456 -2
223457 0
223464 -5
223465 0
223466 -2
223533 -2
223535 4
223536 6
223537 6
223544 18
223545 18
223546 18
223547 18
223552 -2
223553 2
223554 2
223555 4
223556 3
223557 3
223565 2
223566 -1
223633 17
223636 17
223637 17
223644 18
223646 18
223647 18
223655 18
223656 18
223657 18
223662 17
223663 17
223664 -2
223665 3
223666 17
223667 17
223733 17
223737 17
223744 18
223747 18
223755 18
223757 18
223772 17
223773 17
223774 -2
223775 -2
223776 17
223777 17
224221 4
224222 17
224223 2
224224 17
224225 2
224226 17
224227 17
224242 2
224243 4
224244 17
224245 4
224246 17
224247 17
224252 18
224253 -1
224254 18
224255 18
224256 18
224257 18
224262 0
224263 0
224264 17
224265 1
224266 17
224272 -1
224274 17
224332 -2
224333 -2
224334 3
224335 4
224336 4
224337 0
224343 5
224344 -1
224345 4
224346 4
224347 5
224353 -4
224354 -4
224355 0
224356 -1
224357 0
224363 -4
224364 -4
224365 2
224366 -1
224414 18
224424 17
224434 18
224442 17
224443 3
224444 17
224445 3
224446 17
224447 17
224454 18
224455 18
224456 18
224457 18
224464 17
224465 -3
224466 17
224474 17
224544 -1
224545 5
224546 11
224547 5
224552 1
224553 4
224554 3
224555 4
224556 5
224557 4
224565 -1
224644 17
224646 17
224647 17
224655 18
224656 18
224657 18
224662 17
224663 3
224664 17
224665 4
224666 17
224667 17
224744 17
224747 17
224755 18
224757 18
224772 17
224773 -1
224774 17
224775 2
224776 17
224777 17
225221 5
225222 5
225223 1
225224 4
225225 2
225226 4
225227 4
225252 -2
225253 2
225254 -2
225255 1
225256 9
225257 3
225262 -3
225263 -1
225264 -3
225265 17
225266 17
225272 -3
225275 17
225332 0
225333 -1
225334 3
225335 3
225336 4
225337 4
225353 4
225354 2
225355 0
225356 4
225357 4
225363 0
225364 0
225365 0
225442 4
225443 6
225444 0
225445 4
225446 4
225447 4
225454 2
225455 0
225456 3
225457 2
225464 -5
225465 -2
225515 -2
225525 0
225535 18
225545 18
225552 2
225553 2
225554 -1
225555 0
225556 3
225557 3
225565 17
225575 17
225655 0
225656 4
225657 12
225662 2
225663 4
225664 0
225665 -2
225666 6
225667 11
225755 0
225757 4
225772 1
225773 0
225774 0
225775 -2
225776 4
225777 3
226221 2
226222 2
226223 0
226224 2
226225 -2
226226 2
226227 2
226262 -2
226263 -2
226264 2
226265 -2
226266 -2
226272 -3
226276 -1
226332 -2
226333 -2
226334 2
226335 4
226336 2
226363 -3
226364 4
226365 2
226366 -2
226442 2
226443 3
226444 0
226445 3
226446 2
226464 -4
226465 3
226466 3
226552 -2
226553 2
226554 2
226555 -2
226565 -2
226566 -2
226626 -1
227221 4
227222 4
227223 0
227224 2
227225 -2
227226 2
227227 2
227272 -4
227277 -1
232212 -3
232222 0
232223 -1
232224 1
232225 2
232226 0
232227 0
232232 3
232233 -1
232234 3
232235 4
232236 3
232237 0
232242 0
232243 -2
232244 -2
232245 3
232246 2
232247 3
232252 0
232253 -2
232254 3
232255 -1
232256 0
232257 0
232262 -2
232263 -2
232264 0
232265 -2
232272 -2
232322 2
232323 18
232324 18
232325 18
232326 18
232327 18
232331 4
232332 -1
232333 2
232334 4
232335 4
232336 3
232337 4
232343 -3
232344 2
232345 4
232346 3
232347 3
232353 -3
232354 3
232355 2
232356 2
232357 2
232363 -3
232364 2
232365 2
232422 2
232424 18
232425 18
232426 18
232427 18
232433 -2
232434 7
232435 1
232436 4
232437 12
232442 2
232443 4
232444 3
232445 4
232446 4
232447 6
232454 4
232455 2
232456 4
232457 10
232464 2
232465 4
232522 2
232525 18
232526 18
232527 18
232533 4
232535 4
232536 4
232537 11
232544 3
232545 3
232546 4
232547 5
232552 4
232553 4
232554 4
232555 10
232556 4
232557 5
232565 2
232622 2
232626 18
232627 18
232633 -1
232636 10
232637 10
232644 2
232646 4
232647 4
232655 2
232656 2
232657 7
232662 2
232663 2
232664 2
232665 2
232666 2
232667 3
232722 2
232727 18
232733 -2
232737 10
232744 3
232747 4
232755 1
232757 7
232772 0
232773 3
232774 4
232775 4
232776 3
232777 3
233131 5
233132 6
233133 4
233134 4
233135 4
233136 4
233137 5
233232 4
233233 4
233234 3
233235 4
233236 4
233237 5
233323 -3
233331 0
233332 -1
233333 0
233334 1
233335 4
233336 0
233337 1
233343 -2
233344 -2
233345 4
233346 -2
233347 0
233353 -2
233354 1
233355 -1
233356 0
233357 2
233363 -2
233364 -2
233365 5
233433 4
233434 4
233435 5
233436 4
233437 7
233441 6
233442 5
233443 0
233444 0
233445 6
233446 6
233447 6
233454 4
233455 3
233456 6
233457 4
233464 3
233465 6
233533 4
233535 4
233536 4
233537 5
233544 4
233545 4
233546 8
233547 6
233551 7
233552 4
233553 5
233554 5
233555 10
233556 4
233557 7
233565 4
233633 4
233636 4
233637 4
233644 3
233646 0
233647 4
233655 3
233656 2
233657 4
233661 4
233662 4
233663 -1
233664 3
233665 4
233666 -1
233667 4
233733 4
233737 5
233744 0
233747 5
233755 4
233757 5
233771 4
233772 3
233773 0
233774 3
233775 4
233776 3
233777 4
234331 4
234332 0
234333 -2
234334 -1
234335 4
234336 4
234337 3
234343 0
234344 0
234345 4
234346 4
234347 4
234353 -3
234354 -4
234355 -2
234356 -2
234357 1
234363 -3
234364 -5
234365 0
234424 -3
234434 -5
234443 -3
234444 -2
234445 4
234446 3
234447 3
234454 -5
234455 -3
234456 -2
234457 1
234464 -5
234465 -2
234544 1
234545 4
234546 8
234547 6
234553 4
234554 3
234555 4
234556 4
234557 6
234644 0
234646 5
234647 5
234655 -2
234656 -2
234657 2
234663 2
234664 0
234665 4
234666 2
234667 3
234744 1
234747 4
234755 0
234757 3
234773 0
234774 -3
234775 4
234776 3
234777 3
235331 3
235332 2
235333 -2
235334 5
235335 -2
235336 2
235337 2
235353 1
235354 3
235355 -3
235356 4
235357 4
235363 -3
235364 2
235365 -3
235443 5
235444 3
235445 5
235446 12
235447 6
235454 3
235455 4
235456 12
235457 11
235464 -2
235465 0
235525 -2
235535 4
235545 -2
235553 -3
235554 3
235555 -2
235556 3
235557 2
235565 -2
235655 4
235656 4
235657 5
235663 0
235664 4
235665 1
235666 -1
235667 4
235755 -2
235757 5
235773 -3
235774 2
235775 0
235776 4
235777 3
236331 3
236332 2
236333 -2
236334 3
236335 3
236336 3
236337 -1
236363 -1
236364 3
236366 -3
236443 3
236444 3
236445 6
236464 3
236466 3
242212 -2
242222 3
242224 -3
242225 -2
242226 -2
242227 3
242232 -4
242233 -4
242234 -4
242235 2
242236 0
242237 2
242242 0
242244 4
242245 3
242246 3
242247 4
242252 -2
242254 -5
242255 -2
242256 3
242257 0
242262 0
242264 -5
242272 0
242422 2
242424 18
242425 18
242426 18
242427 18
242433 2
242434 -5
242435 0
242436 -3
242437 2
242441 3
242442 3
242443 4
242444 2
242445 3
242446 3
242447 3
242454 -5
242455 3
242456 3
242457 3
242464 -5
242522 2
242525 18
242526 18
242527 18
242533 2
242535 0
242536 2
242537 2
242544 -4
242545 0
242546 -18
242547 4
242552 1
242554 -4
242555 -2
242556 -18
242557 -1
242622 3
242626 18
242627 18
242633 2
242636 4
242637 -2
242644 -4
242646 4
242647 4
242655 4
242656 4
242657 4
242662 -2
242664 -3
242665 -18
242666 2
242667 2
242722 4
242727 18
242733 2
242737 3
242744 4
242747 4
242755 1
242757 4
242772 4
242774 2
242775 2
242776 2
242777 2
243323 -4
243333 -3
243334 -5
243335 2
243336 2
243337 2
243343 0
243344 0
243345 2
243346 2
243347 3
243353 -5
243354 -4
243355 -5
243356 -2
243357 1
243363 -2
243364 -6
243433 -4
243434 -6
243435 4
243436 3
243437 4
243441 -2
243442 -3
243443 -3
243444 -4
243445 2
243446 2
243447 2
243454 -5
243455 -5
243456 -2
243457 -1
243464 -6
243533 -2
243535 2
243536 2
243537 3
243544 0
243545 5
243546 2
243547 2
243553 2
243554 2
243555 -2
243556 2
243557 1
243633 -2
243636 2
243637 0
243644 0
243646 4
243647 2
243655 -2
243656 0
243657 2
243663 -2
243664 1
243665 1
243666 2
243667 2
243733 -3
243737 6
243744 0
243747 4
243755 -2
243757 0
243773 -2
243774 -5
243775 -2
243776 0
243777 0
244141 5
244142 5
244143 6
244144 4
244145 4
244146 4
244147 4
244242 4
244243 6
244244 4
244245 4
244246 5
244247 4
244343 5
244344 5
244345 6
244346 6
244347 6
244424 -4
244434 -4
244441 2
244442 0
244443 3
244444 4
244445 3
244446 2
244447 4
244454 -4
244455 0
244456 1
244457 0
244464 -4
244544 3
244545 5
244546 -18
244547 4
244551 0
244552 -1
244553 6
244554 -4
244555 -2
244556 -18
244557 -1
244644 4
244646 6
244647 5
244655 4
244656 5
244657 5
244661 4
244662 4
244663 4
244664 -4
244665 -18
244666 3
244667 3
244744 4
244747 6
244755 4
244757 4
244771 4
244772 4
244773 4
244774 1
244775 2
244776 3
244777 2
245441 3
245442 -3
245443 4
245444 -3
245445 3
245446 3
245447 4
245454 -5
245455 -4
245456 2
245457 3
245525 0
245535 -4
245545 0
245554 -5
245555 0
245556 4
245557 2
245655 -2
245656 2
245657 6
245664 0
245665 2
245666 3
245667 3
245755 2
245757 6
245774 -4
245775 0
245776 3
245777 2
246441 2
246442 -5
246443 3
246444 -5
252212 2
252222 2
252225 -3
252226 2
252227 3
252232 2
252233 -2
252235 3
252236 3
252237 3
252242 4
252244 -3
252245 2
252246 5
252247 5
252252 -3
252255 -2
252256 2
252257 4
252262 -3
252272 -3
252522 2
252525 18
252526 18
252527 18
252533 -2
252535 -2
252536 4
252537 4
252544 4
252545 3
252546 4
252547 4
252551 4
252552 2
252553 4
252554 3
252555 3
252556 3
252557 4
252622 3
252626 18
252627 18
252633 2
252636 11
252637 12
252644 3
252646 11
252647 12
252655 0
252656 3
252657 4
252662 2
252665 3
252666 3
252667 4
252722 3
252727 18
252733 3
252737 11
252744 3
252747 11
252755 3
252757 4
252772 1
252775 3
252776 3
252777 3
253323 -2
253333 0
253335 0
253336 4
253337 4
253343 18
253344 18
253345 18
253346 18
253347 18
253353 0
253355 -1
253356 3
253357 3
253533 -2
253535 4
253536 4
253537 4
253544 18
253545 18
253546 18
253547 18
253551 3
253552 3
253553 0
253554 3
253555 3
253556 3
253557 3
253633 1
253636 12
253637 12
253644 18
253646 18
253647 18
253655 1
253656 4
253657 10
253663 0
253665 3
253666 4
253667 6
253733 0
253737 11
253744 18
253747 18
253755 2
253757 5
253773 0
253775 -1
253776 2
253777 2
254424 -1
254434 18
254444 2
254445 4
254446 4
254447 4
254454 -1
254455 -1
254456 2
254457 4
254544 -1
254545 -1
254546 6
254547 5
254551 3
254552 3
254553 3
254554 2
254555 3
254556 4
254557 4
254644 4
254646 12
254647 12
254655 5
254656 5
254657 12
254664 3
254665 4
254666 6
254667 6
254744 4
254747 11
254755 6
254757 6
254774 3
254775 2
254776 5
254777 5
255151 5
255152 4
255153 4
255154 4
255155 3
255156 5
255157 5
255252 2
255253 4
255254 2
255255 2
255256 5
255257 4
255353 4
255354 5
255355 4
255356 4
255357 4
255454 0
255455 3
255456 -18
255457 4
255525 -2
255535 -1
255545 0
255551 0
255552 0
255553 4
255554 -1
255555 0
255556 3
255557 0
255655 2
255656 5
255657 6
255661 0
255662 4
255663 3
255664 -18
255665 -2
255666 0
255667 3
255755 4
255757 5
255771 3
255772 2
255773 4
255774 -2
255775 0
255776 2
255777 4
262212 1
262222 5
262226 4
262227 5
262232 17
262233 17
262236 17
262237 17
262242 17
262244 17
262246 17
262247 17
262252 3
262255 3
262256 3
262257 5
262262 2
262266 -2
262267 4
262272 1
262622 2
262626 18
262627 18
262633 17
262636 4
262637 17
262644 17
262646 5
262647 17
262655 4
262656 3
262657 6
262661 3
262662 4
262663 -3
262664 1
262665 -2
262666 4
262667 4
262722 3
262727 18
262733 17
262737 17
262744 17
262747 17
262755 2
262757 7
262766 4
262767 4
262772 4
262776 3
262777 4
263323 17
263333 17
263336 17
263337 17
263343 18
263344 18
263346 18
263347 18
263353 18
263355 18
263356 18
263357 18
263363 17
263366 17
263367 17
263633 17
263636 4
263637 17
263644 18
263646 18
263647 18
263655 18
263656 18
263657 18
263661 4
263662 17
263663 17
263664 2
263665 4
263666 17
263667 17
263733 17
263737 17
263744 18
263747 18
263755 18
263757 18
263766 17
263767 17
263773 17
263776 17
263777 17
264424 17
264434 18
264444 17
264446 17
264447 17
264454 18
264455 18
264456 18
264457 18
264464 17
264466 17
264467 17
264644 17
264646 5
264647 17
264655 18
264656 18
264657 18
264661 4
264662 17
264663 1
264664 17
264665 4
264666 17
264667 17
264744 17
264747 17
264755 18
264757 18
264766 17
264767 17
264774 17
264776 17
264777 17
265525 0
265535 18
265545 18
265555 2
265556 4
265557 4
265565 -2
265566 0
265567 2
265655 -2
265656 -2
265657 6
265661 3
265662 2
265663 0
265664 3
265665 3
265666 0
265667 4
265755 3
265757 11
265766 5
265767 4
265775 2
265776 3
265777 4
266161 4
266162 4
266163 3
266164 2
266165 3
266166 3
266167 5
266262 10
266263 -2
266264 -3
266265 4
266266 3
266267 4
266363 -3
266364 2
266365 2
266366 2
266367 4
266464 -3
266465 -18
266466 0
266467 2
266565 0
266566 3
266567 4
266626 4
266636 17
266646 17
266656 -1
266661 1
266662 4
266663 0
266664 -3
266665 1
266666 5
266667 4
266766 3
266767 4
266771 2
266772 2
266773 2
266774 2
266775 2
266776 2
266777 3
272212 0
272222 4
272227 4
272232 17
272233 17
272237 17
272242 17
272244 17
272247 17
272252 4
272255 2
272257 5
272262 0
272272 0
272277 3
272722 3
272727 18
272733 17
272737 4
272744 17
272747 4
272755 0
272757 3
272771 3
272772 3
272773 3
272774 2
272775 3
272776 3
272777 4
273323 17
273333 17
273337 17
273343 18
273344 18
273347 18
273353 18
273355 18
273357 18
273373 17
273377 17
273733 17
273737 6
273744 18
273747 18
273755 18
273757 18
273771 3
273772 17
273773 17
273774 -2
273775 3
273776 17
273777 17
274424 17
274434 18
274444 17
274447 17
274454 18
274455 18
274457 18
274474 17
274477 17
274744 17
274747 5
274755 18
274757 18
274771 4
274772 17
274773 3
274774 17
274775 4
274776 17
274777 17
275525 1
275535 18
275545 18
275555 0
275557 4
275575 -3
275577 0
275755 3
275757 5
275771 4
275772 3
275773 3
275774 2
275775 0
275776 4
275777 3
277171 2
277172 0
277173 1
277174 1
277175 2
277176 3
277177 0
277272 -2
277273 0
277274 -1
277275 1
277276 0
277277 0
277373 -3
277374 2
277375 3
277376 0
277377 0
277474 -3
277475 -3
277476 -2
277477 -2
277575 0
277576 3
277577 2
277676 2
277677 2
277727 6
277737 17
277747 17
277757 4
277771 2
277772 -1
277773 0
277774 2
277775 2
277776 2
277777 3
311111 4
311112 3
311113 -2
311114 0
311115 3
311116 2
311117 4
311131 4
311132 4
311133 4
311134 3
311135 4
311136 4
311137 10
311141 17
311142 6
311143 17
311144 17
311145 4
311146 6
311147 17
311151 17
311152 6
311153 17
311154 0
311155 17
311156 6
311157 17
311211 2
311212 2
311213 0
311214 2
311215 3
311216 2
311217 3
311221 4
311222 1
311223 2
311224 4
311225 4
311226 3
311227 5
311232 3
311233 0
311234 5
311235 4
311236 4
311237 4
311242 2
311243 0
311244 2
311245 2
311246 2
311247 3
311252 3
311253 0
311254 2
311255 1
311256 0
311257 4
311311 0
311313 -2
311314 -2
311315 -1
311316 -2
311317 2
311331 4
311332 2
311333 -1
311334 2
311335 2
311336 2
311337 3
311343 17
311344 17
311345 0
311346 0
311347 17
311353 17
311354 -2
311355 17
311356 -1
311357 17
311411 0
311414 -4
311415 0
311416 1
311417 0
311433 0
311434 3
311435 2
311436 3
311437 3
311441 4
311442 6
311443 4
311444 -2
311445 4
311446 4
311447 4
311454 -4
311455 0
311456 0
311457 0
311511 0
311515 2
311516 2
311517 2
311533 0
311535 4
311536 3
311537 4
311544 -2
311545 0
311546 2
311547 2
311551 4
311552 4
311553 3
311554 3
311555 0
311556 3
311557 4
311611 0
311616 -2
311617 2
311633 0
311636 2
311637 4
311644 -1
311646 2
311647 4
311655 1
311656 0
311657 4
311661 4
311662 3
311663 0
311664 1
311665 2
311666 0
311667 3
311711 2
311717 5
311733 0
311737 4
311744 17
311747 17
311755 17
311757 17
311771 4
311772 3
311773 0
311774 -2
311775 1
311776 1
311777 3
313111 4
313112 4
313113 3
313114 3
313115 4
313116 4
313117 4
313131 18
313132 18
313133 4
313134 18
313135 18
313136 18
313137 18
313141 11
313142 12
313143 17
313144 17
313145 4
313146 12
313147 17
313151 4
313152 12
313153 17
313154 4
313155 17
313156 12
313157 17
313221 6
313222 4
313223 4
313224 13
313225 12
313226 12
313227 12
313232 18
313233 4
313234 18
313235 18
313236 18
313237 18
313242 7
313243 1
313244 2
313245 13
313246 2
313247 13
313252 7
313253 4
313254 6
313255 5
313256 4
313257 12
313313 0
313323 3
313331 5
313332 1
313333 6
313334 0
313335 2
313336 1
313337 6
313343 17
313344 17
313345 0
313346 6
313347 17
313353 17
313354 0
313355 17
313356 4
313357 17
313363 0
313373 -2
313433 3
313434 18
313435 18
313436 18
313437 18
313441 10
313442 13
313443 5
313444 0
313445 12
313446 11
313447 11
313454 4
313455 3
313456 4
313457 4
313533 4
313535 18
313536 18
313537 18
313544 4
313545 4
313546 4
313547 4
313551 5
313552 4
313553 2
313554 4
313555 4
313556 4
313557 5
313633 4
313636 18
313637 18
313644 4
313646 12
313647 13
313655 4
313656 12
313657 12
313661 6
313662 5
313663 3
313664 4
313665 5
313666 4
313667 6
313733 4
313737 18
313744 17
313747 17
313755 17
313757 17
313771 4
313772 4
313773 0
313774 3
313775 4
313776 4
313777 4
314111 17
314112 8
314113 17
314114 17
314115 3
314116 8
314117 17
314141 11
314142 12
314143 17
314144 17
314145 9
314146 12
314147 17
314151 18
314152 18
314153 18
314154 18
314155 18
314156 18
314157 18
314221 3
314222 7
314223 2
314224 3
314225 5
314226 3
314227 6
314242 6
314243 6
314244 0
314245 13
314246 6
314247 13
314252 18
314253 18
314254 18
314255 18
314256 0
314257 18
314331 17
314332 4
314333 17
314334 17
314335 2
314336 4
314337 17
314343 17
314344 17
314345 5
314346 6
314347 17
314353 18
314354 18
314355 18
314356 18
314357 18
314414 17
314434 17
314441 17
314442 4
314443 17
314444 17
314445 3
314446 4
314447 17
314454 18
314455 18
314456 18
314457 18
314544 0
314545 6
314546 10
314547 10
314551 4
314552 3
314553 4
314554 2
314555 2
314556 4
314557 4
314644 2
314646 12
314647 13
314655 18
314656 18
314661 6
314662 3
314663 2
314664 2
314665 4
314666 6
314667 6
314744 17
314747 17
314771 17
314772 2
314773 17
314774 17
314775 3
314776 3
314777 17
315111 17
315112 3
315113 17
315114 0
315115 17
315116 3
315117 17
315151 4
315152 11
315153 17
315154 4
315155 17
315156 11
315221 6
315222 5
315223 2
315224 5
315225 4
315226 4
315227 10
315252 6
315253 4
315254 3
315255 4
315256 4
315331 17
315332 3
315333 17
315334 2
315335 17
315336 4
315337 17
315353 17
315354 3
315355 17
315356 4
315441 4
315442 6
315443 4
315444 0
315445 4
315446 6
315447 5
315454 4
315455 0
315456 5
315515 17
315535 17
315545 18
315551 17
315552 4
315553 17
315554 2
315555 17
315556 3
315655 4
315656 5
315661 6
315662 4
315663 0
315664 4
315665 3
315666 6
322121 4
322122 5
322123 3
322124 5
322125 6
322126 3
322127 5
322221 3
322222 2
322223 0
322224 4
322225 2
322226 1
322227 1
322232 4
322233 -1
322234 10
322235 4
322236 3
322237 4
322242 4
322243 0
322244 -2
322245 3
322246 4
322247 6
322252 0
322253 0
322254 5
322255 4
322256 0
322322 3
322323 -2
322324 4
322325 3
322326 3
322327 3
322331 3
322332 2
322333 3
322334 4
322335 3
322336 3
322337 4
322343 0
322344 2
322345 3
322346 3
322347 3
322353 -1
322354 2
322355 1
322356 1
322422 2
322424 2
322425 4
322426 4
322427 4
322433 -1
322434 2
322435 13
322436 13
322437 12
322441 13
322442 6
322443 4
322444 -2
322445 13
322446 6
322447 6
322454 0
322455 0
322456 2
322522 2
322525 0
322526 3
322527 3
322533 4
322535 3
322536 4
322537 4
322544 2
322545 -1
322546 4
322547 4
322551 4
322552 4
322553 3
322554 9
322555 4
322556 4
322557 4
322622 3
322626 -1
322627 2
322633 -3
322636 9
322637 4
322644 0
322646 -2
322647 3
322655 -1
322656 -2
322661 3
322662 2
322663 3
322664 2
322665 3
322666 2
322667 3
322722 3
322727 4
322733 0
322737 9
322744 2
322747 5
322771 4
322772 2
322773 2
322774 0
322775 2
322776 2
322777 4
323221 7
323222 6
323223 0
323224 3
323225 6
323226 6
323227 6
323232 18
323233 3
323234 18
323235 18
323236 18
323237 18
323242 -1
323243 -1
323244 1
323245 6
323246 6
323247 6
323252 -2
323253 -2
323254 2
323255 5
323256 6
323313 -3
323323 -2
323332 -1
323333 0
323334 0
323335 2
323336 -1
323337 1
323343 0
323344 -2
323345 -2
323346 -2
323347 7
323353 -2
323354 -2
323355 -2
323356 0
323363 -2
323373 -3
323433 2
323434 18
323435 18
323436 18
323437 18
323442 6
323443 6
323444 2
323445 13
323446 13
323447 12
323454 2
323455 2
323456 13
323533 4
323535 18
323536 18
323537 18
323544 2
323545 2
323546 13
323547 11
323552 3
323553 4
323554 5
323555 4
323556 4
323557 4
323633 3
323636 18
323637 18
323644 2
323646 5
323647 4
323655 3
323656 4
323662 6
323663 0
323664 3
323665 4
323666 3
323667 4
323733 4
323737 18
323744 3
323747 11
323772 2
323773 0
323774 2
323775 3
323776 3
323777 4
324221 4
324222 0
324223 -2
324224 -1
324225 0
324226 3
324227 4
324242 4
324243 6
324244 -2
324245 5
324246 5
324247 11
324252 18
324253 18
324254 18
324255 18
324256 -2
324332 2
324333 0
324334 2
324335 3
324336 3
324337 4
324343 3
324344 -3
324345 5
324346 5
324347 5
324353 18
324354 18
324355 18
324356 -2
324424 -2
324434 -3
324442 3
324443 3
324444 -2
324445 4
324446 3
324447 4
324454 18
324455 18
324456 -3
324544 -2
324545 6
324546 13
324547 11
324552 2
324553 2
324554 2
324555 2
324556 8
324557 4
324644 -2
324646 7
324647 7
324662 3
324663 0
324664 0
324665 3
324666 4
324667 3
324744 0
324747 12
324772 0
324773 2
324774 -1
324775 2
324776 0
324777 6
325221 4
325222 0
325223 0
325224 4
325225 3
325226 0
325227 4
325252 4
325253 6
325254 2
325255 0
325332 3
325333 2
325334 2
325335 1
325336 2
325353 3
325354 3
325355 0
325442 5
325443 5
325444 -2
325445 5
325446 13
325454 2
325455 0
325525 -2
325535 -1
325545 18
325552 3
325553 0
325554 2
325555 0
331311 -3
331313 -6
331323 18
331331 0
331332 -3
331333 4
331334 -5
331335 1
331336 0
331337 4
331343 18
331344 18
331353 -5
331355 17
331363 -5
331373 -5
332322 17
332323 -4
332331 0
332332 17
332333 17
332334 0
332335 0
332336 17
332337 17
332343 18
332344 18
332353 18
332355 18
332363 -2
332373 -3
333131 4
333132 4
333133 4
333134 2
333135 2
333136 2
333137 4
333232 3
333233 4
333234 2
333235 3
333236 2
333237 4
333313 3
333323 17
333331 0
333332 0
333333 2
333334 -3
333335 -1
333336 0
333337 1
333343 17
333344 17
333345 0
333346 17
333347 17
333353 17
333354 -1
333355 17
333363 3
333373 0
333433 -2
333434 -6
333435 2
333436 4
333437 3
333441 5
333442 6
333443 5
333444 -1
333445 3
333446 4
333447 5
333454 -3
333455 -2
333533 3
333535 1
333536 2
333537 3
333544 2
333545 1
333546 4
333547 4
333551 2
333552 3
333553 2
333554 3
333555 2
333556 3
333557 4
333633 4
333636 4
333637 5
333644 17
333646 17
333647 17
333661 2
333662 3
333663 0
333664 3
333665 2
333666 3
333667 4
333733 5
333737 4
333744 17
333747 17
333771 2
333772 2
333773 2
333774 -1
333775 2
333776 1
333777 4
334331 17
334332 4
334333 17
334334 17
334335 2
334336 17
334337 17
334343 -3
334344 17
334345 3
334346 17
334347 17
334353 18
334354 18
334355 18
334363 18
334364 18
334373 -4
334374 17
334414 18
334424 18
334434 17
334443 17
334444 17
334445 2
334446 17
334447 17
334454 18
334455 18
334464 18
334474 17
334544 0
334545 3
334546 4
334547 4
334553 2
334554 2
334555 0
334556 3
334557 4
334644 17
334646 17
334647 17
334663 17
334664 17
334665 3
334666 17
334667 17
334744 17
334747 17
334773 17
334774 17
334775 2
334776 17
334777 17
335331 17
335332 3
335333 17
335334 -1
335335 17
335336 0
335337 17
335353 -4
335354 -1
335355 17
335363 18
335365 18
335373 -4
335375 17
335443 -5
335444 -3
335445 3
335454 4
335455 -3
335535 17
336331 4
336332 4
336333 4
336334 -5
336335 4
336336 2
336337 4
336363 -4
336366 -2
336373 -3
337331 2
337332 -3
337333 2
337334 -2
337335 2
337336 0
337337 2
337373 -4
337377 -3
343313 -3
343323 -4
343333 0
343334 -3
343335 1
343336 1
343337 0
343343 5
343344 0
343345 6
343346 6
343347 5
343353 -3
343354 -3
343363 -1
343373 -3
343433 3
343434 18
343435 18
343436 18
343437 18
343441 4
343442 4
343443 -3
343444 3
343445 5
343446 4
343447 4
343454 -5
343533 2
343535 18
343536 18
343537 18
343544 -2
343545 12
343546 0
343547 4
343553 1
343554 4
343555 3
343556 4
343557 3
343633 3
343636 18
343637 18
343644 -2
343646 5
343647 0
343663 1
343664 3
343665 3
343666 10
343667 3
343733 3
343737 18
343744 -2
343747 11
343773 -2
343774 2
343775 2
343776 1
343777 2
344141 6
344142 6
344143 5
344144 5
344145 7
344146 7
344147 6
344242 6
344243 6
344244 6
344245 10
344246 7
344247 7
344343 5
344344 5
344345 5
344346 5
344347 5
344434 -4
344441 2
344442 1
344443 0
344444 0
344445 3
344446 0
344447 0
344454 -6
344544 6
344545 6
344546 5
344547 6
344551 7
344552 10
344553 5
344554 0
344555 0
344556 6
344557 6
344644 5
344646 7
344647 5
344661 7
344662 7
344663 3
344664 -2
344665 7
344666 10
344667 5
344744 5
344747 5
344771 4
344772 5
344773 4
344774 -2
344775 3
344776 0
344777 0
345441 3
345442 4
345443 -3
345444 -3
353313 0
353323 3
353333 2
353335 -3
353336 -1
353337 4
353343 6
353344 -4
353345 -4
353346 6
353347 6
353353 0
353355 4
353356 3
353357 5
353363 -2
353373 0
353533 3
353535 18
353536 18
353537 18
353544 4
353545 1
353546 4
353547 4
353551 4
353552 4
353553 2
353554 5
353555 4
353556 4
353557 4
353633 4
353636 18
353637 18
353644 4
353646 12
353647 13
353655 5
353656 4
353657 4
353663 3
353665 4
353666 4
353667 5
353733 4
353737 18
353744 4
353747 11
353755 6
353757 6
353773 -1
353775 3
353776 4
353777 4
354434 -1
354444 -2
354445 -3
354446 4
354447 4
354454 -2
354455 -2
354456 2
354457 4
354544 0
354545 0
354546 6
354547 6
354551 2
354552 2
354553 0
354554 -5
354555 0
354556 4
354557 4
354644 0
354646 12
354647 13
354655 5
354656 4
354657 13
354664 2
354665 3
354666 4
354667 6
354744 0
354747 11
354755 6
354757 6
354774 -2
354775 0
354776 4
354777 3
355151 5
355152 4
355153 4
355154 5
355155 4
355156 4
355157 5
355252 2
355253 4
355254 4
355255 4
355256 4
355257 4
355353 2
355354 3
355355 3
355356 3
355357 4
355454 2
355455 3
355456 3
355457 4
355535 0
355545 0
355551 4
355552 3
355553 0
355554 3
355555 4
355556 4
355557 3
355655 3
355656 5
355657 6
355661 4
355662 3
355663 3
355664 3
355665 4
355666 0
355667 4
355755 4
355757 5
355771 4
355772 4
355773 2
355774 -2
355775 -2
355776 2
355777 4
363313 -3
363323 17
363333 0
363336 0
363337 3
363343 17
363344 17
363346 17
363347 17
363353 0
363363 -3
363366 1
363367 0
363373 -4
363633 5
363636 18
363637 18
363644 17
363646 11
363647 17
363661 6
363662 4
363663 1
363664 5
363665 4
363666 8
363667 5
363733 3
363737 18
363744 17
363747 17
363766 10
363767 6
363773 0
363776 5
363777 5
364434 17
364444 17
364446 17
364447 17
364464 17
364466 17
364467 17
364644 17
364646 11
364647 17
364661 6
364662 3
364663 17
364664 17
364665 5
364666 17
364667 17
364744 17
364747 17
364766 17
364767 17
364774 17
364776 17
364777 17
366161 6
366162 3
366163 2
366164 4
366165 4
366166 3
366167 5
366262 2
366263 0
366264 4
366265 3
366266 3
366267 3
366363 0
366364 3
366365 2
366366 0
366367 5
366464 3
366465 3
366466 3
366467 3
366565 3
366566 4
366567 5
366636 -2
366646 17
366661 1
366662 1
366663 4
366664 4
366665 1
366666 6
366667 13
366766 4
366767 6
366771 3
366772 2
366773 1
366774 2
366775 2
366776 6
366777 3
373313 0
373323 17
373333 6
373337 6
373343 17
373344 17
373347 17
373353 17
373363 6
373373 -2
373377 -1
373733 11
373737 18
373744 17
373747 11
373771 4
373772 3
373773 9
373774 2
373775 4
373776 4
373777 11
374434 17
374444 17
374447 17
374474 17
374477 17
374744 17
374747 12
374771 17
374772 4
374773 17
374774 17
374775 4
374776 17
374777 17
377171 10
377172 2
377173 9
377174 0
377175 2
377176 2
377177 2
377272 0
377273 -2
377274 0
377275 0
377276 0
377277 0
377373 7
377374 -2
377375 -3
377376 0
377377 2
377474 -5
377475 1
377476 0
377477 -2
377575 0
377576 2
377577 2
377676 1
377677 1
377737 10
377747 17
377771 6
377772 3
377773 4
377774 -2
377775 -2
377776 0
377777 5
411111 5
411112 4
411113 5
411114 2
411115 0
411116 4
411117 6
411141 10
411142 6
411143 10
411144 4
411145 5
411146 6
411147 10
411211 2
411212 5
411213 5
411214 3
411215 2
411216 3
411217 2
411221 3
411222 6
411223 10
411224 2
411225 2
411226 3
411227 3
411242 5
411243 12
411244 0
411245 5
411246 8
411247 10
411311 2
411313 2
411314 2
411315 4
411316 4
411317 5
411331 10
411332 12
411333 0
411334 3
411335 4
411336 2
411337 4
411343 5
411344 0
411345 9
411346 5
411347 5
411411 2
411414 -2
411415 -2
411416 0
411417 2
411441 4
411442 4
411443 4
411444 1
411445 3
411446 4
411447 4
411511 0
411515 -2
411516 2
411517 2
411544 -1
411545 6
411546 6
411547 5
411551 4
411552 2
411553 4
411554 3
411555 0
411556 5
411557 4
411611 2
411616 4
411617 3
411644 0
411646 6
411647 10
411661 6
411662 4
411663 4
411664 3
411665 3
411666 5
411667 4
411711 2
411717 10
411744 0
411747 10
411771 4
411772 2
411773 1
411774 0
414111 11
414112 10
414113 5
414114 4
414115 7
414116 8
414117 11
414141 18
414142 18
414143 18
414144 11
414145 18
414146 18
414147 18
414221 6
414222 13
414223 13
414224 0
414225 6
414226 6
414227 6
414242 18
414243 18
414244 7
414245 18
414246 18
414247 18
414331 11
414332 13
414333 5
414334 0
414335 13
414336 11
414337 12
414343 18
414344 5
414345 18
414346 18
414347 18
414414 -4
414424 -4
414434 17
414441 6
414442 4
414443 4
414444 4
414445 4
414446 4
414447 5
414454 17
414464 17
414474 -4
414544 5
414545 18
414546 18
414551 10
414552 10
414553 13
414554 -1
414555 5
414556 12
414644 6
414646 18
414661 6
414662 5
414663 5
414664 4
414665 6
414666 6
414744 10
422121 6
422122 4
422123 6
422124 3
422125 5
422126 6
422127 6
422221 13
422222 6
422223 6
422224 1
422225 5
422226 6
422227 5
422242 5
422243 6
422244 9
422245 5
422246 6
422322 4
422323 6
422324 3
422325 6
422326 6
422327 6
422331 13
422332 5
422333 0
422334 3
422335 11
422336 7
422337 7
422343 5
422344 -2
422345 6
422346 6
422422 3
422424 2
422425 3
422426 2
422427 3
422441 3
422442 3
422443 4
422444 2
422445 4
422446 4
422447 4
422522 4
422525 2
422526 5
422527 4
422544 3
422545 6
422546 6
422551 4
422552 5
422553 9
422554 4
422555 1
422556 5
422557 5
422622 4
422626 5
422627 5
422644 4
422646 5
422661 4
422662 5
422663 6
422664 2
422722 4
422727 5
424221 6
424222 6
424223 5
424224 5
424225 5
424226 5
424227 5
424242 18
424243 18
424244 7
424245 18
424246 18
424332 12
424333 5
424334 4
424335 13
424336 12
424343 18
424344 5
424345 18
424346 18
424414 -4
424424 -4
424434 -5
424442 4
424443 4
424444 0
424445 4
424446 4
424454 17
424464 17
424474 -4
424544 5
424545 18
424552 7
424553 13
424554 -2
424555 5
424644 5
433131 5
433132 9
433133 4
433134 5
433135 8
433136 4
433137 7
433232 6
433233 5
433234 5
433235 11
433236 7
433237 7
433331 3
433332 3
433333 1
433334 1
433335 8
433336 4
433337 0
433343 5
433344 0
433345 10
433433 4
433434 -1
433435 4
433436 4
433437 5
433441 6
433442 6
433443 3
433444 3
433445 4
433446 4
433447 5
433533 4
433535 4
433536 4
433537 8
433544 0
433545 5
433551 6
433552 13
433553 8
433554 4
433633 4
433636 0
433637 4
433733 4
433737 5
434331 8
434332 8
434333 5
434334 0
434335 5
434336 6
434337 6
434343 18
434344 5
434345 18
434414 -4
434424 -4
434434 -4
434443 0
434444 0
434445 4
434454 -4
434464 -4
434474 -4
434544 5
441411 -2
441414 -6
441424 18
441434 18
441441 2
441442 -3
441443 -5
441444 2
441445 -1
441446 2
441447 2
441454 -5
441464 -5
441474 -5
442422 17
442424 -6
442434 18
442441 -2
442442 17
442443 -3
442444 17
442445 -1
442446 17
442447 17
442454 18
442464 -5
443433 17
443434 -5
443441 17
443442 -2
443443 17
443444 17
443445 -2
443446 17
443447 17
443454 18
444141 6
444142 4
444143 6
444144 6
444145 3
444146 4
444147 6
444242 4
444243 6
444244 5
444245 4
444246 4
444343 4
444344 7
444345 4
444414 -2
444424 17
444434 17
444441 1
444442 1
444443 1
444444 1
